stormID,regionID,masterTrackID,referenceLatitude,referenceLongitude,headingDirection,centralPressureDeficit,radiusOfMaximumWind,translationalSpeed,DSW
1,3,1,35.0069664699875,-76.1173312197615,-60,88,38.6,18.3,1.39782767410393E-09
2,3,1,35.0069664699875,-76.1173312197615,-60,78,108.4,28.8,0.00026116503371093
3,3,1,35.0069664699875,-76.1173312197615,-60,68,62,42.5,0.000960099280086684
4,3,1,35.0069664699875,-76.1173312197615,-60,58,46.6,31.9,0.000749832187517581
5,3,1,35.0069664699875,-76.1173312197615,-60,48,63.9,12,0.00086298070480372
6,3,1,35.0069664699875,-76.1173312197615,-60,38,72.3,18.6,0.00204554394993669
7,3,1,35.0069664699875,-76.1173312197615,-60,28,26.2,39.5,1.33119664569616E-06
8,3,2,35.3405316694652,-75.5024893075908,-60,88,113.5,24.7,3.27158437670893E-05
9,3,2,35.3405316694652,-75.5024893075908,-60,78,50.7,29.9,2.06025024029668E-05
10,3,2,35.3405316694652,-75.5024893075908,-60,68,25.8,31.4,2.0366916498058E-08
11,3,2,35.3405316694652,-75.5024893075908,-60,58,37.3,12,9.85427315343942E-05
12,3,2,35.3405316694652,-75.5024893075908,-60,48,77.4,43.5,0.000181587164106584
13,3,2,35.3405316694652,-75.5024893075908,-60,38,71.9,12.8,0.00170092692390005
14,3,2,35.3405316694652,-75.5024893075908,-60,28,39.4,39.5,1.59500416121877E-05
15,3,3,36.0411894821736,-75.6725514217197,-60,88,104.8,24,2.352810762601E-05
16,3,3,36.0411894821736,-75.6725514217197,-60,78,50.4,29.9,9.00589487345394E-06
17,3,3,36.0411894821736,-75.6725514217197,-60,68,39.3,12,5.08163668808495E-06
18,3,3,36.0411894821736,-75.6725514217197,-60,58,25.6,29.4,1.11709916981409E-07
19,3,3,36.0411894821736,-75.6725514217197,-60,48,81.6,44.3,0.00016545095998236
20,3,3,36.0411894821736,-75.6725514217197,-60,38,68.1,14.8,0.000863689515822119
21,3,3,36.0411894821736,-75.6725514217197,-60,28,41.8,40.4,7.6713433738085E-06
22,3,4,36.7888616205279,-75.9575667347043,-60,88,50.3,40,3.1632601831E-07
23,3,4,36.7888616205279,-75.9575667347043,-60,78,50.5,28.7,6.00229093118873E-06
24,3,4,36.7888616205279,-75.9575667347043,-60,68,107.2,26.1,0.000276369771211499
25,3,4,36.7888616205279,-75.9575667347043,-60,58,64.9,12,0.000233761157695626
26,3,4,36.7888616205279,-75.9575667347043,-60,48,28.2,34.5,2.80416161552228E-06
27,3,4,36.7888616205279,-75.9575667347043,-60,38,36.6,12.8,0.000135766506947731
28,3,4,36.7888616205279,-75.9575667347043,-60,28,75.1,37.9,4.69194449633513E-05
29,3,5,37.3136636629203,-75.7685010375188,-60,88,77.5,36.6,2.83558994169916E-07
30,3,5,37.3136636629203,-75.7685010375188,-60,78,35,26.1,2.49094621303817E-08
31,3,5,37.3136636629203,-75.7685010375188,-60,68,62.4,12,2.60327497914741E-05
32,3,5,37.3136636629203,-75.7685010375188,-60,58,109.3,25,0.000274299980795048
33,3,5,37.3136636629203,-75.7685010375188,-60,48,48.9,24.9,0.000387879224959086
34,3,5,37.3136636629203,-75.7685010375188,-60,38,57.7,40.5,0.00030522271920998
35,3,5,37.3136636629203,-75.7685010375188,-60,28,25,34.8,1.03953893295327E-05
36,3,6,37.8033496935956,-75.5173282714027,-60,88,72.4,31.2,1.73931389091151E-08
37,3,6,37.8033496935956,-75.5173282714027,-60,78,38.4,26.9,4.8707666353838E-08
38,3,6,37.8033496935956,-75.5173282714027,-60,68,52.8,35.3,5.95412413289028E-05
39,3,6,37.8033496935956,-75.5173282714027,-60,58,105.4,27.8,0.000349600310215933
40,3,6,37.8033496935956,-75.5173282714027,-60,48,63.8,13.8,0.000745320614786635
41,3,6,37.8033496935956,-75.5173282714027,-60,38,25,28.2,0.000125183418714815
42,3,6,37.8033496935956,-75.5173282714027,-60,28,61.3,46,3.34049950424666E-05
43,3,7,38.2303211069719,-75.1407065517754,-60,88,49.7,37.4,8.63818938678603E-11
44,3,7,38.2303211069719,-75.1407065517754,-60,78,78.2,12.4,5.54389194907308E-09
45,3,7,38.2303211069719,-75.1407065517754,-60,68,103.7,34.6,5.37004407760186E-05
46,3,7,38.2303211069719,-75.1407065517754,-60,58,41.4,12.4,5.25456073096925E-06
47,3,7,38.2303211069719,-75.1407065517754,-60,48,25,31.3,2.76673635061291E-05
48,3,7,38.2303211069719,-75.1407065517754,-60,38,47.6,20.2,0.000337218206423226
49,3,7,38.2303211069719,-75.1407065517754,-60,28,71.2,33.1,0.000103540819352557
50,3,8,38.8073472285097,-75.0879452162235,-60,88,46.6,17.7,1.01648399725072E-13
51,3,8,38.8073472285097,-75.0879452162235,-60,78,75.4,40.1,3.01601487924006E-06
52,3,8,38.8073472285097,-75.0879452162235,-60,68,103.5,20.8,1.94525840502377E-05
53,3,8,38.8073472285097,-75.0879452162235,-60,58,40.6,39.2,0.000113699166515658
54,3,8,38.8073472285097,-75.0879452162235,-60,48,66.8,35.8,0.000840707774440514
55,3,8,38.8073472285097,-75.0879452162235,-60,38,25.2,18.6,2.91074291185463E-05
56,3,8,38.8073472285097,-75.0879452162235,-60,28,57.9,13,2.3867429764601E-06
57,3,25,35.0136618144735,-76.1085100592325,-40,88,52.6,20.2,4.34495761665124E-07
58,3,25,35.0136618144735,-76.1085100592325,-40,78,104.7,21.4,0.000293532272658575
59,3,25,35.0136618144735,-76.1085100592325,-40,68,28.6,22.2,2.31453863548353E-08
60,3,25,35.0136618144735,-76.1085100592325,-40,58,72.7,41,0.00346899713935137
61,3,25,35.0136618144735,-76.1085100592325,-40,48,50.9,40.3,0.00198543612530378
62,3,25,35.0136618144735,-76.1085100592325,-40,38,38.5,35.9,0.000213579409680021
63,3,25,35.0136618144735,-76.1085100592325,-40,28,65.4,12,0.00165926765372574
64,3,26,35.2915656398729,-75.5165270934418,-40,88,53.5,29.7,1.04211848573883E-06
65,3,26,35.2915656398729,-75.5165270934418,-40,78,103.9,30.4,0.000495713131922494
66,3,26,35.2915656398729,-75.5165270934418,-40,68,37.1,12,8.36898396059714E-06
67,3,26,35.2915656398729,-75.5165270934418,-40,58,29,38,2.73661883284469E-06
68,3,26,35.2915656398729,-75.5165270934418,-40,48,79.7,13.5,0.000742837401305986
69,3,26,35.2915656398729,-75.5165270934418,-40,38,62.6,47.5,8.29271666035009E-05
70,3,26,35.2915656398729,-75.5165270934418,-40,28,50.4,22.8,0.00115381821845532
71,3,27,36.4143404842084,-75.8345245075798,-40,88,43.7,24.2,2.97860707948889E-09
72,3,27,36.4143404842084,-75.8345245075798,-40,78,66.1,44.9,4.5471993259872E-05
73,3,27,36.4143404842084,-75.8345245075798,-40,68,116.7,25.4,0.000540021038637901
74,3,27,36.4143404842084,-75.8345245075798,-40,58,51.6,16.9,0.000411043032187365
75,3,27,36.4143404842084,-75.8345245075798,-40,48,26.2,20.3,5.10059086713636E-06
76,3,27,36.4143404842084,-75.8345245075798,-40,38,39,41.5,6.71797669656947E-05
77,3,27,36.4143404842084,-75.8345245075798,-40,28,74.4,23,0.000532069578200286
78,3,28,37.2145734667138,-75.8125486739083,-40,88,69.2,43.2,7.21637745817011E-07
79,3,28,37.2145734667138,-75.8125486739083,-40,78,52.7,15.9,5.71900763436221E-07
80,3,28,37.2145734667138,-75.8125486739083,-40,68,36.7,41.8,1.26367767405988E-05
81,3,28,37.2145734667138,-75.8125486739083,-40,58,103.4,23.1,0.000717348516888757
82,3,28,37.2145734667138,-75.8125486739083,-40,48,29.5,19,1.87576227941432E-05
83,3,28,37.2145734667138,-75.8125486739083,-40,38,62.1,37.8,0.000661842706160427
84,3,28,37.2145734667138,-75.8125486739083,-40,28,60.2,24.6,0.000259607590964266
85,3,29,37.7757439721174,-75.5360951713597,-40,88,52.8,35.1,6.02728721177408E-09
86,3,29,37.7757439721174,-75.5360951713597,-40,78,79,22.4,3.16356005895241E-06
87,3,29,37.7757439721174,-75.5360951713597,-40,68,31.7,22.4,5.04744300148886E-07
88,3,29,37.7757439721174,-75.5360951713597,-40,58,104.6,28.1,0.000736497930047909
89,3,29,37.7757439721174,-75.5360951713597,-40,48,55.4,12,0.000799772777097468
90,3,29,37.7757439721174,-75.5360951713597,-40,38,31.3,47.1,0.000126392117607282
91,3,29,37.7757439721174,-75.5360951713597,-40,28,59.4,39,0.000143284134166438
92,3,30,38.2171344180996,-75.1458190137564,-40,88,53.3,21.1,1.45869855525466E-12
93,3,30,38.2171344180996,-75.1458190137564,-40,78,41.9,22.4,1.38656777133442E-09
94,3,30,38.2171344180996,-75.1458190137564,-40,68,115.4,40,0.000101888655780308
95,3,30,38.2171344180996,-75.1458190137564,-40,58,25.1,32.6,2.28300203232161E-06
96,3,30,38.2171344180996,-75.1458190137564,-40,48,83.3,23.9,0.001534905454236
97,3,30,38.2171344180996,-75.1458190137564,-40,38,50,45.3,0.000672274212047518
98,3,30,38.2171344180996,-75.1458190137564,-40,28,45.6,12.6,0.000137033634098079
99,3,31,38.9004592804085,-75.0265239771545,-40,88,64.8,15.6,7.60742230321051E-12
100,3,31,38.9004592804085,-75.0265239771545,-40,78,54.2,43.9,1.14378013504469E-06
101,3,31,38.9004592804085,-75.0265239771545,-40,68,104.1,31.2,6.22670951947797E-05
102,3,31,38.9004592804085,-75.0265239771545,-40,58,44.3,17.1,1.06682880278478E-05
103,3,31,38.9004592804085,-75.0265239771545,-40,48,26.9,31.5,1.51200568136423E-06
104,3,31,38.9004592804085,-75.0265239771545,-40,38,45.9,25,0.000285666147516051
105,3,31,38.9004592804085,-75.0265239771545,-40,28,73.9,20.8,9.95672282725563E-06
106,3,50,35.0118909918529,-76.1108431297172,-20,98,65.6,38.1,6.22589875905239E-08
107,3,50,35.0118909918529,-76.1108431297172,-20,88,75.8,12,5.92948482711029E-06
108,3,50,35.0118909918529,-76.1108431297172,-20,78,41.8,20.6,5.86976740057894E-07
109,3,50,35.0118909918529,-76.1108431297172,-20,68,112.8,32,0.000640229258940216
110,3,50,35.0118909918529,-76.1108431297172,-20,58,25,23.4,3.8400723020055E-08
111,3,50,35.0118909918529,-76.1108431297172,-20,48,37.5,49.5,0.000150991687380675
112,3,50,35.0118909918529,-76.1108431297172,-20,38,62.3,29.9,0.00306628588896169
113,3,51,35.2719751098524,-75.5241102700989,-20,98,48.3,25.7,5.58845391900426E-10
114,3,51,35.2719751098524,-75.5241102700989,-20,88,117.1,28.8,5.16722644655173E-05
115,3,51,35.2719751098524,-75.5241102700989,-20,78,68.4,42.5,0.000333796951552241
116,3,51,35.2719751098524,-75.5241102700989,-20,68,47,24,0.000247639404467593
117,3,51,35.2719751098524,-75.5241102700989,-20,58,72,12.4,0.00294279498724515
118,3,51,35.2719751098524,-75.5241102700989,-20,48,32.6,41.4,0.000164253565926394
119,3,51,35.2719751098524,-75.5241102700989,-20,38,30.5,12,0.000172635051930195
120,3,52,37.3410913274813,-75.7450984679797,-20,98,62.8,27.9,7.17937350843455E-12
121,3,52,37.3410913274813,-75.7450984679797,-20,88,38.2,22.2,3.67764423433956E-11
122,3,52,37.3410913274813,-75.7450984679797,-20,78,114.8,26.5,1.4894389916074E-05
123,3,52,37.3410913274813,-75.7450984679797,-20,68,69.8,38.5,0.000436857314935714
124,3,52,37.3410913274813,-75.7450984679797,-20,58,25,24.8,4.83526804382129E-07
125,3,52,37.3410913274813,-75.7450984679797,-20,48,43.7,42.7,0.00117593931426048
126,3,52,37.3410913274813,-75.7450984679797,-20,38,62.8,12,0.001079857192331
127,3,53,37.929697202987,-75.3144777177006,-20,98,59.3,19,1.39066882607448E-15
128,3,53,37.929697202987,-75.3144777177006,-20,88,116.1,33.3,3.02587586206797E-08
129,3,53,37.929697202987,-75.3144777177006,-20,78,27.4,36.5,9.75481032516829E-10
130,3,53,37.929697202987,-75.3144777177006,-20,68,37.1,20.5,5.60290295078003E-07
131,3,53,37.929697202987,-75.3144777177006,-20,58,56.1,45.7,0.00138610438562347
132,3,53,37.929697202987,-75.3144777177006,-20,48,75.1,21.1,0.00286542273240119
133,3,53,37.929697202987,-75.3144777177006,-20,38,45,19.8,0.00130494314228194
134,3,54,38.8674489606001,-75.0530173843015,-20,98,48.5,32.5,4.29853110380283E-16
135,3,54,38.8674489606001,-75.0530173843015,-20,88,100.1,17.1,3.17956204181468E-11
136,3,54,38.8674489606001,-75.0530173843015,-20,78,86.7,43.7,6.81988964595746E-06
137,3,54,38.8674489606001,-75.0530173843015,-20,68,28.3,20.5,1.80524443291182E-09
138,3,54,38.8674489606001,-75.0530173843015,-20,58,50.3,12,1.21606911181768E-05
139,3,54,38.8674489606001,-75.0530173843015,-20,48,65.2,27.4,0.00234708741863246
140,3,54,38.8674489606001,-75.0530173843015,-20,38,38.5,45.6,0.00102389359131218
141,3,72,34.6866711847898,-76.88,0,88,42.3,31.2,2.28099685670439E-09
142,3,72,34.6866711847898,-76.88,0,83,52.8,12,2.16654129760896E-07
143,3,72,34.6866711847898,-76.88,0,78,77.2,34.8,0.000479172953666969
144,3,72,34.6866711847898,-76.88,0,73,132.9,25.8,0.000153071720887463
145,3,72,34.6866711847898,-76.88,0,68,40.2,16.3,5.67242381581435E-06
146,3,72,34.6866711847898,-76.88,0,63,26.3,13.3,1.03845100879414E-08
147,3,72,34.6866711847898,-76.88,0,58,29.3,38.1,4.46120098144918E-06
148,3,72,34.6866711847898,-76.88,0,53,55.4,21.1,0.00717917151680594
149,3,72,34.6866711847898,-76.88,0,48,51.3,47.6,0.00464012221547258
150,3,72,34.6866711847898,-76.88,0,43,71,15.1,0.00456477584807822
151,3,72,34.6866711847898,-76.88,0,38,59.1,38.5,0.00103718295828348
152,3,72,34.6866711847898,-76.88,0,33,98.5,34.8,0.000698466181821816
153,3,72,34.6866711847898,-76.88,0,28,33.1,19.8,0.000379379996283583
154,3,73,35.0200124333019,-76.1,0,88,52.9,27.3,1.68809983120512E-07
155,3,73,35.0200124333019,-76.1,0,83,39.1,12,2.49272873595309E-09
156,3,73,35.0200124333019,-76.1,0,78,144.5,20.3,1.48822934208826E-05
157,3,73,35.0200124333019,-76.1,0,73,48.7,46.4,2.27736053588074E-05
158,3,73,35.0200124333019,-76.1,0,68,79.2,28.9,0.00363133118037643
159,3,73,35.0200124333019,-76.1,0,63,26.6,27.6,1.11713104941547E-08
160,3,73,35.0200124333019,-76.1,0,58,41.6,12,0.000241590865570608
161,3,73,35.0200124333019,-76.1,0,53,87.4,12,0.00107307747325109
162,3,73,35.0200124333019,-76.1,0,48,75.6,41.6,0.0028177833333748
163,3,73,35.0200124333019,-76.1,0,43,39,33.2,0.00121553762566246
164,3,73,35.0200124333019,-76.1,0,38,25,12.7,6.50722876801958E-05
165,3,73,35.0200124333019,-76.1,0,33,49.7,12,0.00230059781208289
166,3,73,35.0200124333019,-76.1,0,28,83.1,24.3,0.00235572022641232
167,3,74,37.8512734214395,-75.44,0,88,93.2,27.9,2.58733462611712E-09
168,3,74,37.8512734214395,-75.44,0,83,59,31,1.47825093061162E-08
169,3,74,37.8512734214395,-75.44,0,78,41,30.7,1.52484497184857E-08
170,3,74,37.8512734214395,-75.44,0,73,63.5,12,1.97435930039998E-07
171,3,74,37.8512734214395,-75.44,0,68,40.2,15.9,1.71358472613732E-07
172,3,74,37.8512734214395,-75.44,0,63,25,25,4.70375340687659E-08
173,3,74,37.8512734214395,-75.44,0,58,68.5,46.6,0.00230858386510045
174,3,74,37.8512734214395,-75.44,0,53,113.9,25.3,0.00107365063503024
175,3,74,37.8512734214395,-75.44,0,48,77.7,20.9,0.00293474529543221
176,3,74,37.8512734214395,-75.44,0,43,45.3,35.5,0.00218317070081403
177,3,74,37.8512734214395,-75.44,0,38,67.1,25.9,0.00210063360345811
178,3,74,37.8512734214395,-75.44,0,33,25,53.3,4.82498515877398E-05
179,3,74,37.8512734214395,-75.44,0,28,52.6,15.7,0.000680577059104383
180,3,75,39.0209919833145,-74.78,0,88,51.4,24.2,3.06264403626833E-12
181,3,75,39.0209919833145,-74.78,0,83,28.8,38.2,2.01578359440957E-12
182,3,75,39.0209919833145,-74.78,0,78,139.9,32.2,1.93904939843146E-07
183,3,75,39.0209919833145,-74.78,0,73,64.3,25.4,6.70343873826501E-07
184,3,75,39.0209919833145,-74.78,0,68,59.4,50.7,0.000200680406617975
185,3,75,39.0209919833145,-74.78,0,63,72.8,12,6.86673813529232E-06
186,3,75,39.0209919833145,-74.78,0,58,37.7,14.2,7.43899080946183E-08
187,3,75,39.0209919833145,-74.78,0,53,42.1,40.5,0.000155101251038007
188,3,75,39.0209919833145,-74.78,0,48,25,24.7,9.38720645141287E-09
189,3,75,39.0209919833145,-74.78,0,43,51.6,22.1,0.0011704090958405
190,3,75,39.0209919833145,-74.78,0,38,92.4,32.2,0.000664517839852361
191,3,75,39.0209919833145,-74.78,0,33,70.7,21.4,0.00035959105764284
192,3,75,39.0209919833145,-74.78,0,28,39.1,35.9,0.000599231042502807
193,3,107,36.5,-76.4992578967236,20,88,63.2,28.5,4.68206767734366E-08
194,3,107,36.5,-76.4992578967236,20,83,32.9,26.4,2.01192840943458E-10
195,3,107,36.5,-76.4992578967236,20,78,139.9,29,1.62315098557972E-05
196,3,107,36.5,-76.4992578967236,20,73,71.1,49.4,0.000190032279068634
197,3,107,36.5,-76.4992578967236,20,68,59.6,12,2.25353642491912E-05
198,3,107,36.5,-76.4992578967236,20,63,55.8,12,6.13168064369204E-05
199,3,107,36.5,-76.4992578967236,20,58,72.9,28.5,0.00236435380069879
200,3,107,36.5,-76.4992578967236,20,53,30.8,46,3.72646134206501E-05
201,3,107,36.5,-76.4992578967236,20,48,34.6,48.2,0.000288103924041013
202,3,107,36.5,-76.4992578967236,20,43,88.1,20.6,0.00226780802038176
203,3,107,36.5,-76.4992578967236,20,38,25.4,17,0.000317777793840466
204,3,107,36.5,-76.4992578967236,20,33,40.7,21.8,0.001376022278829
205,3,107,36.5,-76.4992578967236,20,28,58.5,34.6,0.000644040899692723
206,3,108,36.5,-75.7898947767086,20,88,58.9,33,7.19650349797441E-08
207,3,108,36.5,-75.7898947767086,20,83,103.9,35.5,1.1796474828471E-05
208,3,108,36.5,-75.7898947767086,20,78,45.6,24,4.90644431900756E-07
209,3,108,36.5,-75.7898947767086,20,73,52.5,12,3.02805231210968E-06
210,3,108,36.5,-75.7898947767086,20,68,31,28.6,5.68501290128302E-07
211,3,108,36.5,-75.7898947767086,20,63,47.1,37.5,0.000277824381720875
212,3,108,36.5,-75.7898947767086,20,58,142.4,12.9,0.00010552442088116
213,3,108,36.5,-75.7898947767086,20,53,69.3,17.3,0.00213530958446795
214,3,108,36.5,-75.7898947767086,20,48,42.9,59.3,0.000703955280322801
215,3,108,36.5,-75.7898947767086,20,43,26.8,12,0.000430481293764043
216,3,108,36.5,-75.7898947767086,20,38,73,34.5,0.00248783497919827
217,3,108,36.5,-75.7898947767086,20,33,25,26.5,0.000163499709353339
218,3,108,36.5,-75.7898947767086,20,28,55,33,0.000802707443626381
219,3,109,36.5,-75.0697649614681,20,88,39.8,26.7,3.47745577448186E-12
220,3,109,36.5,-75.0697649614681,20,83,75.5,18.1,2.04904666943216E-08
221,3,109,36.5,-75.0697649614681,20,78,106.3,50.1,6.50526209424155E-05
222,3,109,36.5,-75.0697649614681,20,73,63.2,35.8,2.19751315728803E-05
223,3,109,36.5,-75.0697649614681,20,68,135.5,21.3,7.52526670740717E-05
224,3,109,36.5,-75.0697649614681,20,63,25,37.6,2.16957850117601E-07
225,3,109,36.5,-75.0697649614681,20,58,48.2,12,2.46647563521624E-05
226,3,109,36.5,-75.0697649614681,20,53,53.9,27.4,0.0022742143726281
227,3,109,36.5,-75.0697649614681,20,48,38.4,44.6,0.00185393480127822
228,3,109,36.5,-75.0697649614681,20,43,33.7,32.6,0.0014165275976728
229,3,109,36.5,-75.0697649614681,20,38,79.5,33.5,0.00261222615075811
230,3,109,36.5,-75.0697649614681,20,33,30.7,12.2,0.000511715803640163
231,3,109,36.5,-75.0697649614681,20,28,39.6,28.9,0.000662502528777612
232,3,110,36.5,-74.3598304541766,20,88,53.8,15.5,9.73387231825585E-12
233,3,110,36.5,-74.3598304541766,20,83,140.1,18.4,9.28008966179727E-08
234,3,110,36.5,-74.3598304541766,20,78,66.2,25.2,9.151405774426E-07
235,3,110,36.5,-74.3598304541766,20,73,55.8,44.3,5.65164812067847E-05
236,3,110,36.5,-74.3598304541766,20,68,78.7,18.9,5.54271391135041E-05
237,3,110,36.5,-74.3598304541766,20,63,28.6,17.7,4.35249371601335E-07
238,3,110,36.5,-74.3598304541766,20,58,33.4,43.7,0.000256865376421963
239,3,110,36.5,-74.3598304541766,20,53,33.3,19.1,0.000107983715753086
240,3,110,36.5,-74.3598304541766,20,48,50.8,32.8,0.00565666265659356
241,3,110,36.5,-74.3598304541766,20,43,100.1,35.3,0.00165020685006726
242,3,110,36.5,-74.3598304541766,20,38,25,34.3,0.000671502912468503
243,3,110,36.5,-74.3598304541766,20,33,74.5,12,0.00160613774826397
244,3,110,36.5,-74.3598304541766,20,28,46.4,28.6,0.00137958792388461
245,3,111,36.5,-73.6397384578369,20,88,43.5,18.4,5.44747152976506E-12
246,3,111,36.5,-73.6397384578369,20,83,103.9,19.4,4.06878437614317E-08
247,3,111,36.5,-73.6397384578369,20,78,25.5,42.4,4.64164965090076E-08
248,3,111,36.5,-73.6397384578369,20,73,94.9,35.7,0.000122376474260106
249,3,111,36.5,-73.6397384578369,20,68,55.4,19.1,1.06044258596765E-05
250,3,111,36.5,-73.6397384578369,20,63,71.1,23.5,0.000349469374710271
251,3,111,36.5,-73.6397384578369,20,58,86,51.6,0.00194790615249068
252,3,111,36.5,-73.6397384578369,20,53,49.2,44.8,0.0039512443581203
253,3,111,36.5,-73.6397384578369,20,48,66.6,12,0.00142712401432658
254,3,111,36.5,-73.6397384578369,20,43,25,12,0.000310539175519866
255,3,111,36.5,-73.6397384578369,20,38,41.5,29,0.00355606359550495
256,3,111,36.5,-73.6397384578369,20,33,31.9,29.1,0.00160478188141757
257,3,111,36.5,-73.6397384578369,20,28,71.4,27.5,0.00118766994281308
258,3,112,36.5,-72.9299726899641,20,88,67,23,1.40264858554358E-09
259,3,112,36.5,-72.9299726899641,20,83,85.5,16.2,2.08833087417222E-08
260,3,112,36.5,-72.9299726899641,20,78,43.8,15.9,2.53434066553825E-09
261,3,112,36.5,-72.9299726899641,20,73,62,49.1,0.00029214080301813
262,3,112,36.5,-72.9299726899641,20,68,43.9,38,9.28353114159146E-05
263,3,112,36.5,-72.9299726899641,20,63,137.1,32.5,0.000266803320688861
264,3,112,36.5,-72.9299726899641,20,58,27.8,31.3,9.67172018846075E-06
265,3,112,36.5,-72.9299726899641,20,53,27.5,25.9,1.15405269621014E-05
266,3,112,36.5,-72.9299726899641,20,48,47.5,28.5,0.00274042830962686
267,3,112,36.5,-72.9299726899641,20,43,79.3,27.2,0.003819290184813
268,3,112,36.5,-72.9299726899641,20,38,60,12,0.00198405237213879
269,3,112,36.5,-72.9299726899641,20,33,38.1,48.9,0.000900224072898277
270,3,112,36.5,-72.9299726899641,20,28,44.7,18.5,0.0015584412250216
271,3,125,36.5,-77.5094028585514,40,98,76,28.1,1.45059185261601E-10
272,3,125,36.5,-77.5094028585514,40,93,50.8,23,1.45322767878349E-10
273,3,125,36.5,-77.5094028585514,40,88,67.8,46.2,2.14941618803063E-07
274,3,125,36.5,-77.5094028585514,40,83,88.8,20.1,5.92420548506113E-07
275,3,125,36.5,-77.5094028585514,40,78,139.3,30.1,3.49425084835691E-06
276,3,125,36.5,-77.5094028585514,40,73,25.6,20,5.38926129316595E-10
277,3,125,36.5,-77.5094028585514,40,68,55.2,12,7.16546328612027E-06
278,3,125,36.5,-77.5094028585514,40,63,40.6,28.2,1.94670896873031E-05
279,3,125,36.5,-77.5094028585514,40,58,35.4,35,2.84527840028775E-05
280,3,125,36.5,-77.5094028585514,40,53,25,34.5,1.03448586826186E-06
281,3,125,36.5,-77.5094028585514,40,48,61.1,35,0.00318610540378897
282,3,125,36.5,-77.5094028585514,40,43,79,20.7,0.00160239334946355
283,3,125,36.5,-77.5094028585514,40,38,47.4,26.7,0.00223768560666954
284,3,126,36.5,-76.6390252090857,40,98,91.9,32.6,2.28884619014144E-10
285,3,126,36.5,-76.6390252090857,40,93,45.1,34.9,1.85054219682811E-11
286,3,126,36.5,-76.6390252090857,40,88,33.6,27.3,2.59006789839614E-12
287,3,126,36.5,-76.6390252090857,40,83,125.5,22.7,7.67932295539561E-07
288,3,126,36.5,-76.6390252090857,40,78,61.8,25.9,1.42235197108895E-06
289,3,126,36.5,-76.6390252090857,40,73,60.8,29.7,1.46993742718182E-05
290,3,126,36.5,-76.6390252090857,40,68,73.8,15,3.64551615464112E-05
291,3,126,36.5,-76.6390252090857,40,63,25,31.5,2.09927939551095E-08
292,3,126,36.5,-76.6390252090857,40,58,25,31.4,1.2309061480694E-07
293,3,126,36.5,-76.6390252090857,40,53,83.4,43.8,0.00242536223129331
294,3,126,36.5,-76.6390252090857,40,48,41.7,59.2,0.000522065697970943
295,3,126,36.5,-76.6390252090857,40,43,35.2,12,0.000972325555096433
296,3,126,36.5,-76.6390252090857,40,38,63,47.4,0.000623768010097427
297,3,127,36.5,-75.7593193633909,40,98,68.4,20,1.02794554780754E-11
298,3,127,36.5,-75.7593193633909,40,93,132.2,21.6,6.56438091039702E-09
299,3,127,36.5,-75.7593193633909,40,88,55.2,37.3,1.50368025191686E-08
300,3,127,36.5,-75.7593193633909,40,83,49.6,12,3.94292459517072E-09
301,3,127,36.5,-75.7593193633909,40,78,40.1,50.4,2.27829652231979E-07
302,3,127,36.5,-75.7593193633909,40,73,29.9,27.4,1.36438987254175E-08
303,3,127,36.5,-75.7593193633909,40,68,98.4,30.7,0.000247768121194338
304,3,127,36.5,-75.7593193633909,40,63,60.2,16.8,0.000108269413664676
305,3,127,36.5,-75.7593193633909,40,58,90,20.6,0.000734081176495057
306,3,127,36.5,-75.7593193633909,40,53,34.3,12.9,1.61210730840834E-05
307,3,127,36.5,-75.7593193633909,40,48,43.4,12,0.000320086829129218
308,3,127,36.5,-75.7593193633909,40,43,37.9,21.1,0.0020664689665722
309,3,127,36.5,-75.7593193633909,40,38,25.8,40.1,0.00013092278818517
310,3,128,36.5,-74.8793114836514,40,98,92.2,40,4.1120647626679E-11
311,3,128,36.5,-74.8793114836514,40,93,43.9,26.6,1.28900763401556E-13
312,3,128,36.5,-74.8793114836514,40,88,60.4,41.8,1.99731293354762E-09
313,3,128,36.5,-74.8793114836514,40,83,74.6,17.6,3.80249515573254E-09
314,3,128,36.5,-74.8793114836514,40,78,67.3,38.8,1.48306169256498E-06
315,3,128,36.5,-74.8793114836514,40,73,126.5,29.8,2.06353585326664E-05
316,3,128,36.5,-74.8793114836514,40,68,61.5,12,8.1548036661703E-07
317,3,128,36.5,-74.8793114836514,40,63,30.3,38.6,2.40795631872552E-06
318,3,128,36.5,-74.8793114836514,40,58,26.1,42,5.35108325301572E-06
319,3,128,36.5,-74.8793114836514,40,53,58.4,50.8,0.00240067197114168
320,3,128,36.5,-74.8793114836514,40,48,25,15.5,6.5123041072158E-06
321,3,128,36.5,-74.8793114836514,40,43,39.1,17.3,0.00178088633552969
322,3,128,36.5,-74.8793114836514,40,38,73.1,25.7,0.00253747504879373
323,3,129,36.5,-74.0094334307326,40,98,60.5,27,9.71497769519937E-14
324,3,129,36.5,-74.0094334307326,40,93,70.8,45.8,3.4794173065614E-10
325,3,129,36.5,-74.0094334307326,40,88,121.2,22.3,2.24244804200692E-09
326,3,129,36.5,-74.0094334307326,40,83,45.5,22.1,1.54258815128093E-10
327,3,129,36.5,-74.0094334307326,40,78,25.3,34,6.84524840214592E-11
328,3,129,36.5,-74.0094334307326,40,73,69.9,15.1,5.69562784468246E-07
329,3,129,36.5,-74.0094334307326,40,68,50,53.5,0.000107533086183235
330,3,129,36.5,-74.0094334307326,40,63,42.3,12,1.27174117724171E-06
331,3,129,36.5,-74.0094334307326,40,58,47.8,37.6,0.000641234174222918
332,3,129,36.5,-74.0094334307326,40,53,26.5,15.5,2.29674268856125E-06
333,3,129,36.5,-74.0094334307326,40,48,88,33.9,0.00252899821802677
334,3,129,36.5,-74.0094334307326,40,43,63.6,33.4,0.00339012480070936
335,3,129,36.5,-74.0094334307326,40,38,57.5,12,0.00186621591303237
336,3,130,36.5,-73.1293469077355,40,98,103.7,12,3.09524501085881E-13
337,3,130,36.5,-73.1293469077355,40,93,86.7,31.4,7.91718622814322E-11
338,3,130,36.5,-73.1293469077355,40,88,46.5,12,9.3646068258333E-14
339,3,130,36.5,-73.1293469077355,40,83,40,25.4,1.17962301388206E-10
340,3,130,36.5,-73.1293469077355,40,78,61,36,1.65141397635149E-06
341,3,130,36.5,-73.1293469077355,40,73,79.2,12,1.04269797818537E-07
342,3,130,36.5,-73.1293469077355,40,68,27.9,34.8,3.55779984638165E-07
343,3,130,36.5,-73.1293469077355,40,63,102.9,31.1,0.0003469178128834
344,3,130,36.5,-73.1293469077355,40,58,55.6,19.1,9.22408622277476E-05
345,3,130,36.5,-73.1293469077355,40,53,41.7,33.4,0.000724484393322165
346,3,130,36.5,-73.1293469077355,40,48,45.4,57.3,0.000839671135225745
347,3,130,36.5,-73.1293469077355,40,43,52.8,32.2,0.00370928611338865
348,3,130,36.5,-73.1293469077355,40,38,26.1,14.2,0.000314281280844422
349,2,9,39.204100126503,-74.6470305151345,-60,78,125.1,65.1,3.4972252868805E-06
350,2,9,39.204100126503,-74.6470305151345,-60,68,52.1,26.3,8.77497290268785E-06
351,2,9,39.204100126503,-74.6470305151345,-60,58,55.8,60.7,0.000893105821616803
352,2,9,39.204100126503,-74.6470305151345,-60,48,56.8,24.7,0.000146683977251602
353,2,9,39.204100126503,-74.6470305151345,-60,38,29.2,42.5,0.000310576550917043
354,2,9,39.204100126503,-74.6470305151345,-60,28,93.4,36.7,2.03487165369866E-06
355,2,10,39.6519582908649,-74.1700797465425,-60,78,50.9,36,4.32678839136103E-09
356,2,10,39.6519582908649,-74.1700797465425,-60,68,127.5,55.4,5.79659353861503E-05
357,2,10,39.6519582908649,-74.1700797465425,-60,58,88.3,28.4,9.61187263040258E-05
358,2,10,39.6519582908649,-74.1700797465425,-60,48,67.2,64,6.64693826161671E-06
359,2,10,39.6519582908649,-74.1700797465425,-60,38,31.4,52.5,0.00018666886849666
360,2,10,39.6519582908649,-74.1700797465425,-60,28,46.6,25.1,7.03167152908102E-05
361,2,11,40.2197973063583,-73.9995483961872,-60,78,125.4,43.3,4.72984585641239E-10
362,2,11,40.2197973063583,-73.9995483961872,-60,68,61.4,25.7,2.13285581086289E-06
363,2,11,40.2197973063583,-73.9995483961872,-60,58,68.6,62.4,0.000752087957783146
364,2,11,40.2197973063583,-73.9995483961872,-60,48,39.4,53,5.46500327990434E-07
365,2,11,40.2197973063583,-73.9995483961872,-60,38,34.5,35.4,0.000106178269203874
366,2,11,40.2197973063583,-73.9995483961872,-60,28,81.9,39.5,3.87908001719211E-05
367,2,12,40.6159818280629,-73.4262468484988,-60,78,49.8,45.4,4.01235092840281E-08
368,2,12,40.6159818280629,-73.4262468484988,-60,68,139.2,47.5,1.22175814875473E-06
369,2,12,40.6159818280629,-73.4262468484988,-60,58,79,31.2,0.000172417367341704
370,2,12,40.6159818280629,-73.4262468484988,-60,48,74.6,67.5,9.95328466260569E-05
371,2,12,40.6159818280629,-73.4262468484988,-60,38,41.2,24.5,4.49097907454805E-05
372,2,12,40.6159818280629,-73.4262468484988,-60,28,33.8,64,4.74169281536821E-05
373,2,13,40.8462810238767,-72.4592220710798,-60,78,47,29.3,5.0022524168914E-08
374,2,13,40.8462810238767,-72.4592220710798,-60,68,76.5,56.1,0.000181693924468912
375,2,13,40.8462810238767,-72.4592220710798,-60,58,126.9,48.8,0.000107419069791319
376,2,13,40.8462810238767,-72.4592220710798,-60,48,56.4,61.1,6.78770749307793E-05
377,2,13,40.8462810238767,-72.4592220710798,-60,38,79.9,26.7,0.000266703915335671
378,2,13,40.8462810238767,-72.4592220710798,-60,28,29.6,52,8.12600040654526E-06
379,2,14,41.1453368633031,-71.6778011868591,-60,78,54.9,28,2.53455737275081E-06
380,2,14,41.1453368633031,-71.6778011868591,-60,68,126.4,42,7.27118336283642E-06
381,2,14,41.1453368633031,-71.6778011868591,-60,58,79.4,65.1,0.000579192674591962
382,2,14,41.1453368633031,-71.6778011868591,-60,48,48,57.7,3.72254225042646E-05
383,2,14,41.1453368633031,-71.6778011868591,-60,38,29.8,38,4.08788065473908E-08
384,2,14,41.1453368633031,-71.6778011868591,-60,28,76.4,32.4,0.000349735684556638
385,2,15,41.3525305894376,-70.6888894290818,-60,78,66.2,59.7,3.93196598078364E-05
386,2,15,41.3525305894376,-70.6888894290818,-60,68,43.9,29.9,4.54036769025439E-05
387,2,15,41.3525305894376,-70.6888894290818,-60,58,126.7,48.4,3.05910585628396E-05
388,2,15,41.3525305894376,-70.6888894290818,-60,48,80.7,23.1,0.000224954734972461
389,2,15,41.3525305894376,-70.6888894290818,-60,38,32.8,62.1,9.8092690417461E-07
390,2,15,41.3525305894376,-70.6888894290818,-60,28,64.6,49.7,0.000228088242378798
391,2,32,39.3144479675797,-74.5040615913084,-40,78,47.2,57.2,2.16124339180945E-06
392,2,32,39.3144479675797,-74.5040615913084,-40,68,130.4,42.4,3.74331906606972E-05
393,2,32,39.3144479675797,-74.5040615913084,-40,58,73.8,24.7,5.15033362997231E-05
394,2,32,39.3144479675797,-74.5040615913084,-40,48,26,44.5,9.21257515454895E-09
395,2,32,39.3144479675797,-74.5040615913084,-40,38,46.1,33.1,0.000805458775388628
396,2,32,39.3144479675797,-74.5040615913084,-40,28,76.4,59.3,4.50609579470707E-05
397,2,33,39.8225992588295,-74.0897169947101,-40,78,66.6,63.1,2.98570558817928E-05
398,2,33,39.8225992588295,-74.0897169947101,-40,68,125.9,44.9,1.02652213582671E-05
399,2,33,39.8225992588295,-74.0897169947101,-40,58,73.8,22.2,3.86138671852991E-05
400,2,33,39.8225992588295,-74.0897169947101,-40,48,43.7,38.4,3.12199933802298E-05
401,2,33,39.8225992588295,-74.0897169947101,-40,38,29.4,68.3,1.19275413819008E-05
402,2,33,39.8225992588295,-74.0897169947101,-40,28,77.7,50.5,0.000193174021102266
403,2,34,40.5460086654859,-73.9230074997246,-40,78,66.7,60.6,5.12212111418037E-06
404,2,34,40.5460086654859,-73.9230074997246,-40,68,42,32.2,2.49826938731037E-06
405,2,34,40.5460086654859,-73.9230074997246,-40,58,79.8,25.1,0.000120509227022616
406,2,34,40.5460086654859,-73.9230074997246,-40,48,126.7,50.1,0.000897148436524507
407,2,34,40.5460086654859,-73.9230074997246,-40,38,32.6,65,2.66148595111607E-05
408,2,34,40.5460086654859,-73.9230074997246,-40,28,63.3,50.5,0.000512779228851853
409,2,35,40.6601711127273,-73.0856901171246,-40,78,44.1,28.3,5.32964387184163E-11
410,2,35,40.6601711127273,-73.0856901171246,-40,68,64.3,60,4.51778439823423E-05
411,2,35,40.6601711127273,-73.0856901171246,-40,58,125.3,50.6,0.000293960225125108
412,2,35,40.6601711127273,-73.0856901171246,-40,48,67.5,54.7,0.00130434026475074
413,2,35,40.6601711127273,-73.0856901171246,-40,38,79.3,24.2,0.000482867490988206
414,2,35,40.6601711127273,-73.0856901171246,-40,28,32.9,58.2,4.71175349734478E-05
415,2,36,40.8774885676904,-72.3672543592781,-40,78,45.6,25.4,5.88837863955128E-08
416,2,36,40.8774885676904,-72.3672543592781,-40,68,62.5,62.1,0.000192661937602814
417,2,36,40.8774885676904,-72.3672543592781,-40,58,125.9,60.9,0.000268017138788305
418,2,36,40.8774885676904,-72.3672543592781,-40,48,93.6,30.1,0.000880277870219709
419,2,36,40.8774885676904,-72.3672543592781,-40,38,29.9,55.1,8.01830224055208E-06
420,2,36,40.8774885676904,-72.3672543592781,-40,28,59.2,41.2,0.000626699161914253
421,2,37,41.143109481177,-71.7030967119506,-40,78,82.4,58.7,1.86710736543726E-05
422,2,37,41.143109481177,-71.7030967119506,-40,68,61.1,24,6.70079054518836E-05
423,2,37,41.143109481177,-71.7030967119506,-40,58,43.8,59.5,0.000107574373188925
424,2,37,41.143109481177,-71.7030967119506,-40,48,128.3,35.9,0.000381427835556468
425,2,37,41.143109481177,-71.7030967119506,-40,38,31.2,29.4,1.71304895342035E-07
426,2,37,41.143109481177,-71.7030967119506,-40,28,70.4,48.1,0.00078624432047961
427,2,38,41.4779543690073,-71.1166763476267,-40,78,51.9,23.2,8.1429111164542E-06
428,2,38,41.4779543690073,-71.1166763476267,-40,68,125.8,39.8,8.51195367803606E-06
429,2,38,41.4779543690073,-71.1166763476267,-40,58,45.4,54.6,2.38753833752976E-05
430,2,38,41.4779543690073,-71.1166763476267,-40,48,80.9,68.9,0.000648637864743586
431,2,38,41.4779543690073,-71.1166763476267,-40,38,71.6,33.4,0.000539098578653511
432,2,38,41.4779543690073,-71.1166763476267,-40,28,26.3,34.2,4.27804127510957E-08
433,2,55,39.3242598554351,-74.4840164846277,-20,88,55.5,62.2,2.56430451197614E-09
434,2,55,39.3242598554351,-74.4840164846277,-20,78,81.7,26.9,7.58644109720681E-10
435,2,55,39.3242598554351,-74.4840164846277,-20,68,125.8,50.3,6.93542701064343E-05
436,2,55,39.3242598554351,-74.4840164846277,-20,58,28.4,51.6,9.58554407672803E-07
437,2,55,39.3242598554351,-74.4840164846277,-20,48,48.2,29.3,6.98262421428126E-05
438,2,55,39.3242598554351,-74.4840164846277,-20,38,76.4,56.7,0.000562874365489497
439,2,56,40.0647076765781,-74.0422451864919,-20,88,46.5,36.3,2.13043266716903E-12
440,2,56,40.0647076765781,-74.0422451864919,-20,78,130,42.3,1.54018968275564E-09
441,2,56,40.0647076765781,-74.0422451864919,-20,68,50.5,67.6,0.00060931162860472
442,2,56,40.0647076765781,-74.0422451864919,-20,58,72.7,23.5,8.28666395501548E-05
443,2,56,40.0647076765781,-74.0422451864919,-20,48,79.2,56.4,0.0021154353948309
444,2,56,40.0647076765781,-74.0422451864919,-20,38,36.3,43.6,0.000335185263530443
445,2,57,40.5757689822522,-73.5090163376374,-20,88,60.3,44.9,4.30131290706715E-13
446,2,57,40.5757689822522,-73.5090163376374,-20,78,129.2,43.1,3.04998597488939E-10
447,2,57,40.5757689822522,-73.5090163376374,-20,68,43.1,28.9,1.30232916799488E-06
448,2,57,40.5757689822522,-73.5090163376374,-20,58,75.2,62.7,0.00222348234069654
449,2,57,40.5757689822522,-73.5090163376374,-20,48,36.9,57.7,2.39267446499568E-05
450,2,57,40.5757689822522,-73.5090163376374,-20,38,72.4,27.5,0.000987285845400853
451,2,58,40.7511371569061,-72.8010524361538,-20,88,43.2,37.8,6.55391315252491E-12
452,2,58,40.7511371569061,-72.8010524361538,-20,78,82.1,28.6,2.09968076083106E-08
453,2,58,40.7511371569061,-72.8010524361538,-20,68,65.6,63.9,0.000100081655219537
454,2,58,40.7511371569061,-72.8010524361538,-20,58,127.7,52.4,0.000427275314309223
455,2,58,40.7511371569061,-72.8010524361538,-20,48,28.8,64.1,9.94605130003682E-09
456,2,58,40.7511371569061,-72.8010524361538,-20,38,51.2,31.8,0.000548987859632842
457,2,59,40.9679390719359,-72.1238305695528,-20,88,58.5,33.8,2.43283478581388E-09
458,2,59,40.9679390719359,-72.1238305695528,-20,78,49.8,35.2,1.45435372598811E-06
459,2,59,40.9679390719359,-72.1238305695528,-20,68,126.2,47.6,2.17156094410273E-05
460,2,59,40.9679390719359,-72.1238305695528,-20,58,67.7,66.1,0.00217025474456233
461,2,59,40.9679390719359,-72.1238305695528,-20,48,34.3,47.9,8.11497975416247E-06
462,2,59,40.9679390719359,-72.1238305695528,-20,38,80.3,28.9,0.00134489554596731
463,2,60,41.3161033327978,-71.514125747167,-20,88,66.7,56.3,7.26814041168192E-08
464,2,60,41.3161033327978,-71.514125747167,-20,78,125.9,41.1,6.67327120146119E-08
465,2,60,41.3161033327978,-71.514125747167,-20,68,34.2,26.5,9.93029968865123E-07
466,2,60,41.3161033327978,-71.514125747167,-20,58,65.8,22.4,0.000565106567084553
467,2,60,41.3161033327978,-71.514125747167,-20,48,40.2,54.1,1.59152123224693E-05
468,2,60,41.3161033327978,-71.514125747167,-20,38,77.8,57,0.00158417288415691
469,2,76,40.0342391765157,-74.05,0,78,74.4,38.3,5.17419444140049E-08
470,2,76,40.0342391765157,-74.05,0,73,89.4,79.3,3.82648732027235E-05
471,2,76,40.0342391765157,-74.05,0,68,111.7,14,2.33042529259367E-09
472,2,76,40.0342391765157,-74.05,0,63,35.2,35.9,5.34420551952705E-06
473,2,76,40.0342391765157,-74.05,0,58,61.8,50.2,0.0037056380758682
474,2,76,40.0342391765157,-74.05,0,53,25,53.6,1.34625317143235E-07
475,2,76,40.0342391765157,-74.05,0,48,58.4,47.2,0.00247016431149896
476,2,76,40.0342391765157,-74.05,0,43,41.8,65.8,0.000106826426684687
477,2,76,40.0342391765157,-74.05,0,38,126.4,47.2,9.26815344710525E-05
478,2,76,40.0342391765157,-74.05,0,33,52.2,19.3,0.000512335676881933
479,2,76,40.0342391765157,-74.05,0,28,70.7,59.6,0.000309545711258039
480,2,77,40.6234353930887,-73.31,0,78,57.8,75,4.43745158868398E-06
481,2,77,40.6234353930887,-73.31,0,73,60.5,31.8,1.23171557104024E-07
482,2,77,40.6234353930887,-73.31,0,68,142.9,30,2.11477185639779E-08
483,2,77,40.6234353930887,-73.31,0,63,35.9,33.2,1.05405891423006E-05
484,2,77,40.6234353930887,-73.31,0,58,97.3,59.3,0.00153572223291655
485,2,77,40.6234353930887,-73.31,0,53,60.3,29.3,0.00110521870447483
486,2,77,40.6234353930887,-73.31,0,48,48.7,57.8,0.000617922244602703
487,2,77,40.6234353930887,-73.31,0,43,97.8,38.9,0.00139737395223661
488,2,77,40.6234353930887,-73.31,0,38,25,56.2,4.00177504994977E-06
489,2,77,40.6234353930887,-73.31,0,33,61,54.2,0.00133959338223167
490,2,77,40.6234353930887,-73.31,0,28,60.2,17.7,0.000331247607627263
491,2,78,40.8142636869998,-72.57,0,78,116.8,37.5,4.3483700678503E-08
492,2,78,40.8142636869998,-72.57,0,73,72.9,61.7,7.57664621666224E-05
493,2,78,40.8142636869998,-72.57,0,68,41.6,42.5,3.37045430191823E-06
494,2,78,40.8142636869998,-72.57,0,63,75.8,20.9,2.97198051539292E-05
495,2,78,40.8142636869998,-72.57,0,58,56.4,68.5,0.000512537563479091
496,2,78,40.8142636869998,-72.57,0,53,25,30.4,1.56291999352316E-08
497,2,78,40.8142636869998,-72.57,0,48,45.4,29.5,0.000274867019040103
498,2,78,40.8142636869998,-72.57,0,43,80.2,49.8,0.00182104755766797
499,2,78,40.8142636869998,-72.57,0,38,132.5,45.2,0.000489504044605667
500,2,78,40.8142636869998,-72.57,0,33,38.9,66.4,0.000138858690594488
501,2,78,40.8142636869998,-72.57,0,28,60.9,40.1,0.00149410889725879
502,2,79,41.0802590240353,-71.84,0,78,82,47.3,9.84076487627218E-06
503,2,79,41.0802590240353,-71.84,0,73,46.5,42.3,4.40167088570916E-05
504,2,79,41.0802590240353,-71.84,0,68,96,68.3,0.000335473565029166
505,2,79,41.0802590240353,-71.84,0,63,73.5,18,8.17154324798044E-05
506,2,79,41.0802590240353,-71.84,0,58,130.1,31.9,5.76710005092267E-05
507,2,79,41.0802590240353,-71.84,0,53,33.5,14,3.35423808738956E-06
508,2,79,41.0802590240353,-71.84,0,48,94,44.8,0.00420838421179
509,2,79,41.0802590240353,-71.84,0,43,28.3,55.1,3.83461842578961E-07
510,2,79,41.0802590240353,-71.84,0,38,64.3,38.2,0.00171998460266588
511,2,79,41.0802590240353,-71.84,0,33,58.2,66.4,0.000720073663757252
512,2,79,41.0802590240353,-71.84,0,28,46,39.4,0.000374636038350322
513,2,80,41.4774500829987,-71.1,0,78,71.5,26.1,6.64782415969153E-06
514,2,80,41.4774500829987,-71.1,0,73,75.9,55.8,9.79376762928664E-05
515,2,80,41.4774500829987,-71.1,0,68,140,49.9,1.28862103336651E-06
516,2,80,41.4774500829987,-71.1,0,63,43.6,44.4,7.12939051071513E-05
517,2,80,41.4774500829987,-71.1,0,58,52.2,88.1,5.44335964160175E-05
518,2,80,41.4774500829987,-71.1,0,53,25,55.5,5.12645739164679E-10
519,2,80,41.4774500829987,-71.1,0,48,51.3,50.4,0.000308955766281893
520,2,80,41.4774500829987,-71.1,0,43,83.3,68.7,0.00130413612625722
521,2,80,41.4774500829987,-71.1,0,38,36.9,14,3.07302525727182E-06
522,2,80,41.4774500829987,-71.1,0,33,98.5,35.4,0.00219668206055179
523,2,80,41.4774500829987,-71.1,0,28,62.2,37.7,0.00122923927461745
524,2,98,39,-75.2494653939703,20,78,73.5,38.1,2.67272262443156E-07
525,2,98,39,-75.2494653939703,20,73,85.5,82.2,2.69389314636985E-05
526,2,98,39,-75.2494653939703,20,68,83.4,32.1,3.52855383993454E-05
527,2,98,39,-75.2494653939703,20,63,50.3,55.1,0.00026993478995955
528,2,98,39,-75.2494653939703,20,58,37.5,34.4,1.46759419166213E-05
529,2,98,39,-75.2494653939703,20,53,136.6,39.1,0.00074308830762043
530,2,98,39,-75.2494653939703,20,48,59.2,21.9,0.000981869905144792
531,2,98,39,-75.2494653939703,20,43,27.7,48.7,0.000352806955958629
532,2,98,39,-75.2494653939703,20,38,91.9,50.7,0.000614906847654719
533,2,98,39,-75.2494653939703,20,33,59.2,57.9,0.000531181553217554
534,2,98,39,-75.2494653939703,20,28,44.8,34.7,0.000662182524867685
535,2,99,39,-74.4199340003299,20,78,41.3,33.2,3.00562429273404E-09
536,2,99,39,-74.4199340003299,20,73,68.5,61.4,0.000124177912778573
537,2,99,39,-74.4199340003299,20,68,107.6,22.5,8.81549068838139E-07
538,2,99,39,-74.4199340003299,20,63,144.8,49.7,3.34964452803801E-05
539,2,99,39,-74.4199340003299,20,58,26.5,50.1,1.50480801838665E-06
540,2,99,39,-74.4199340003299,20,53,69.8,16.6,0.00019640022252985
541,2,99,39,-74.4199340003299,20,48,57.6,39.5,0.00336536978759024
542,2,99,39,-74.4199340003299,20,43,40.5,77.1,1.29123659797812E-05
543,2,99,39,-74.4199340003299,20,38,50.2,47,0.00147311838646438
544,2,99,39,-74.4199340003299,20,33,41,38.9,0.001472170542012
545,2,99,39,-74.4199340003299,20,28,99.8,49.1,7.37379426747385E-05
546,2,100,39,-73.5999633965658,20,78,70,33.9,1.16820788981221E-07
547,2,100,39,-73.5999633965658,20,73,36.3,59.8,5.05843922220189E-06
548,2,100,39,-73.5999633965658,20,68,144.1,51.6,1.48848182026951E-05
549,2,100,39,-73.5999633965658,20,63,73.3,22.4,1.07612523533866E-05
550,2,100,39,-73.5999633965658,20,58,70.3,55.8,0.00496321573219652
551,2,100,39,-73.5999633965658,20,53,43.5,39,0.000233758163565549
552,2,100,39,-73.5999633965658,20,48,59.7,59.8,0.00239139248282057
553,2,100,39,-73.5999633965658,20,43,25,41,0.000135252312546937
554,2,100,39,-73.5999633965658,20,38,103.1,42.1,0.000515688204177762
555,2,100,39,-73.5999633965658,20,33,49.8,73.7,0.00012397006313596
556,2,100,39,-73.5999633965658,20,28,61.1,23.1,0.000717148784191874
557,2,101,39,-72.7699035117379,20,78,77.3,31.7,1.73347715266162E-08
558,2,101,39,-72.7699035117379,20,73,61.7,65.2,0.000360421348499564
559,2,101,39,-72.7699035117379,20,68,33.1,42.3,6.00519670482396E-07
560,2,101,39,-72.7699035117379,20,63,137.9,48.7,0.00010706369357917
561,2,101,39,-72.7699035117379,20,58,61.8,26.8,6.91881144302611E-05
562,2,101,39,-72.7699035117379,20,53,93.2,58.5,0.00136432528685526
563,2,101,39,-72.7699035117379,20,48,101.5,23.3,0.0014830205099967
564,2,101,39,-72.7699035117379,20,43,42,14,0.000573245374742008
565,2,101,39,-72.7699035117379,20,38,48.2,45.8,0.00226992652546172
566,2,101,39,-72.7699035117379,20,33,61.2,48.2,0.00179631307018528
567,2,101,39,-72.7699035117379,20,28,33.2,83.6,9.92711824222927E-05
568,2,102,39,-71.9502592329943,20,78,60.3,43.8,5.98390725578284E-08
569,2,102,39,-71.9502592329943,20,73,96.1,33.1,4.71727392033931E-08
570,2,102,39,-71.9502592329943,20,68,56.6,72.9,0.000775505568024687
571,2,102,39,-71.9502592329943,20,63,145.2,43.5,2.34810802164131E-05
572,2,102,39,-71.9502592329943,20,58,32.2,54.5,0.000169392936111913
573,2,102,39,-71.9502592329943,20,53,31.1,24.3,2.44905091794524E-07
574,2,102,39,-71.9502592329943,20,48,89.6,50.8,0.00268531445019786
575,2,102,39,-71.9502592329943,20,43,35.2,39.1,0.000725285858819389
576,2,102,39,-71.9502592329943,20,38,85,14,0.000910339080542061
577,2,102,39,-71.9502592329943,20,33,57.4,45.7,0.00260567373739417
578,2,102,39,-71.9502592329943,20,28,56.6,46.3,0.00178876171037647
579,2,103,39,-71.1202245299893,20,78,44.3,34.5,3.66361130959332E-09
580,2,103,39,-71.1202245299893,20,73,78.1,32.6,4.30093276175157E-07
581,2,103,39,-71.1202245299893,20,68,138.6,64.8,7.06439871575999E-06
582,2,103,39,-71.1202245299893,20,63,64.8,61.2,0.00220271994026358
583,2,103,39,-71.1202245299893,20,58,111.4,28.9,0.00011479180540529
584,2,103,39,-71.1202245299893,20,53,29.5,48.6,4.05442606540197E-05
585,2,103,39,-71.1202245299893,20,48,57.9,29,0.00253925918978445
586,2,103,39,-71.1202245299893,20,43,50,52.5,0.00183940253383034
587,2,103,39,-71.1202245299893,20,38,41.8,59.9,0.00104631381191114
588,2,103,39,-71.1202245299893,20,33,40.6,14,0.000631352038653071
589,2,103,39,-71.1202245299893,20,28,95.1,51.5,0.000194311040216151
590,2,104,39,-70.3002956462018,20,78,67.9,56.6,1.73444242885208E-06
591,2,104,39,-70.3002956462018,20,73,141.4,37.2,2.54830265916148E-07
592,2,104,39,-70.3002956462018,20,68,58,25.6,2.44668304482289E-06
593,2,104,39,-70.3002956462018,20,63,31.6,55.4,2.14024914070094E-05
594,2,104,39,-70.3002956462018,20,58,78.5,44.2,0.00250282616491575
595,2,104,39,-70.3002956462018,20,53,33.1,42.6,0.000125490856038776
596,2,104,39,-70.3002956462018,20,48,39,14,3.08917907114748E-05
597,2,104,39,-70.3002956462018,20,43,83.1,16.6,0.00242165876951071
598,2,104,39,-70.3002956462018,20,38,53.5,50,0.00309258832232699
599,2,104,39,-70.3002956462018,20,33,55.1,59.6,0.00237276885638522
600,2,104,39,-70.3002956462018,20,28,100.5,54.4,0.000261465885333931
601,2,105,39,-69.4706687222244,20,78,68.4,48,2.94308089413184E-07
602,2,105,39,-69.4706687222244,20,73,127.7,59.7,4.30858319642368E-06
603,2,105,39,-69.4706687222244,20,68,66.6,22.5,4.74743924416008E-07
604,2,105,39,-69.4706687222244,20,63,66.4,55.7,0.00120587209869309
605,2,105,39,-69.4706687222244,20,58,62.1,77.8,0.0004417427506631
606,2,105,39,-69.4706687222244,20,53,56.2,24.2,0.000458507199592382
607,2,105,39,-69.4706687222244,20,48,32.3,53.4,0.000159493103944357
608,2,105,39,-69.4706687222244,20,43,38.3,28.2,0.000169084142455819
609,2,105,39,-69.4706687222244,20,38,61.8,62.6,0.00223336085626544
610,2,105,39,-69.4706687222244,20,33,99.6,37,0.00152401871455401
611,2,105,39,-69.4706687222244,20,28,52.3,46.9,0.00305160964051741
612,2,106,39,-68.6403682604273,20,78,117.9,24.8,1.36535996331105E-09
613,2,106,39,-68.6403682604273,20,73,60.6,50.9,3.10151163995438E-05
614,2,106,39,-68.6403682604273,20,68,36.2,27.9,1.06861123880719E-06
615,2,106,39,-68.6403682604273,20,63,57.5,36.2,0.000308660580097114
616,2,106,39,-68.6403682604273,20,58,73.7,28.5,0.000666779590830638
617,2,106,39,-68.6403682604273,20,53,50.3,58.6,0.00161066176841011
618,2,106,39,-68.6403682604273,20,48,93,56.9,0.00329029920338847
619,2,106,39,-68.6403682604273,20,43,125.7,34.1,0.00100224930473153
620,2,106,39,-68.6403682604273,20,38,27.1,62.1,1.03653062341288E-05
621,2,106,39,-68.6403682604273,20,33,57.4,26.8,0.00305883788840744
622,2,106,39,-68.6403682604273,20,28,51,61.9,0.00108174394939331
623,2,119,39,-75.2491098884177,40,88,65.5,31.2,2.53614848501342E-13
624,2,119,39,-75.2491098884177,40,83,93.6,43.2,9.02787108388695E-09
625,2,119,39,-75.2491098884177,40,78,75.8,60.5,1.51233403137139E-06
626,2,119,39,-75.2491098884177,40,73,45.9,44.6,1.15931565429095E-07
627,2,119,39,-75.2491098884177,40,68,45,88.5,6.8731209505644E-06
628,2,119,39,-75.2491098884177,40,63,128.7,56,0.000199266134293168
629,2,119,39,-75.2491098884177,40,58,97.7,29.4,0.00028510655568596
630,2,119,39,-75.2491098884177,40,53,29.1,50.4,9.63802439817494E-06
631,2,119,39,-75.2491098884177,40,48,45.7,14,1.65014789427353E-05
632,2,119,39,-75.2491098884177,40,43,65.8,52.8,0.000492573873416826
633,2,119,39,-75.2491098884177,40,38,51.6,33.6,0.00112151826681922
634,2,120,39,-74.2389069639119,40,88,69.4,38.9,7.49341835519351E-13
635,2,120,39,-74.2389069639119,40,83,136.5,57,5.32786058742152E-10
636,2,120,39,-74.2389069639119,40,78,47.4,14,3.17100020513042E-13
637,2,120,39,-74.2389069639119,40,73,63.8,78.7,5.88463384224642E-05
638,2,120,39,-74.2389069639119,40,68,59.7,44.9,3.90197390145921E-05
639,2,120,39,-74.2389069639119,40,63,33.5,28.6,2.21610026440262E-07
640,2,120,39,-74.2389069639119,40,58,33.7,55.9,3.85212145449395E-05
641,2,120,39,-74.2389069639119,40,53,102.3,41,0.00125533701361134
642,2,120,39,-74.2389069639119,40,48,53.9,40.7,0.0020356193028324
643,2,120,39,-74.2389069639119,40,43,72.5,17.3,0.000618237207436207
644,2,120,39,-74.2389069639119,40,38,63.9,66.9,0.000104193816587843
645,2,121,39,-73.2192708118251,40,88,105.2,33,1.53518189131381E-12
646,2,121,39,-73.2192708118251,40,83,67.1,58.9,3.92807136466149E-07
647,2,121,39,-73.2192708118251,40,78,45.7,35.7,1.90868563637704E-09
648,2,121,39,-73.2192708118251,40,73,50.4,52.6,2.04846285863731E-05
649,2,121,39,-73.2192708118251,40,68,32.8,75.7,2.47040436236955E-05
650,2,121,39,-73.2192708118251,40,63,125.7,37.6,4.52748612437726E-05
651,2,121,39,-73.2192708118251,40,58,67.6,20.5,9.70253827115842E-06
652,2,121,39,-73.2192708118251,40,53,28.4,30.9,6.9699150568898E-07
653,2,121,39,-73.2192708118251,40,48,84.7,49.4,0.00284263907030357
654,2,121,39,-73.2192708118251,40,43,87.7,69.1,0.000154418077742426
655,2,121,39,-73.2192708118251,40,38,54.1,54.1,0.000900306600208852
656,2,122,39,-72.2095490743161,40,88,146.2,44.1,9.4164245326586E-12
657,2,122,39,-72.2095490743161,40,83,53.6,26.7,2.60882136197365E-12
658,2,122,39,-72.2095490743161,40,78,63.4,70.6,2.68253771482109E-05
659,2,122,39,-72.2095490743161,40,73,66.8,36.1,1.12597908072728E-07
660,2,122,39,-72.2095490743161,40,68,86.6,14,1.28633032370129E-09
661,2,122,39,-72.2095490743161,40,63,25,28.3,2.01978556893645E-10
662,2,122,39,-72.2095490743161,40,58,62.8,43.8,0.00210913150164523
663,2,122,39,-72.2095490743161,40,53,43.3,29.5,5.05274751359456E-05
664,2,122,39,-72.2095490743161,40,48,115.4,43.6,0.00113625111493902
665,2,122,39,-72.2095490743161,40,43,31.7,58.8,0.000169067047978098
666,2,122,39,-72.2095490743161,40,38,68.2,45.2,0.00176680125905351
667,2,123,39,-71.1996213518349,40,88,74.7,58.4,8.39948512623084E-10
668,2,123,39,-71.1996213518349,40,83,47.5,35.2,3.412665561566E-11
669,2,123,39,-71.1996213518349,40,78,136.2,39.6,9.5982139907768E-10
670,2,123,39,-71.1996213518349,40,73,37.5,72.9,4.07090724431677E-05
671,2,123,39,-71.1996213518349,40,68,92.3,32.5,2.58704833960487E-06
672,2,123,39,-71.1996213518349,40,63,26.8,34.4,8.25981466731179E-08
673,2,123,39,-71.1996213518349,40,58,53.7,47,0.00176522719889298
674,2,123,39,-71.1996213518349,40,53,76.3,28.4,0.000976925999865596
675,2,123,39,-71.1996213518349,40,48,104.9,58,0.000236765811530151
676,2,123,39,-71.1996213518349,40,43,53.2,52.3,0.00146998812301589
677,2,123,39,-71.1996213518349,40,38,40.2,14,0.000415997770695668
678,2,124,39,-70.1897538598811,40,88,158,61.6,4.22852195195673E-12
679,2,124,39,-70.1897538598811,40,83,46.2,51.4,3.85680058620717E-10
680,2,124,39,-70.1897538598811,40,78,62.4,48.8,6.71784582300459E-08
681,2,124,39,-70.1897538598811,40,73,50.6,16,1.87716354643496E-10
682,2,124,39,-70.1897538598811,40,68,90.5,17.2,4.05697904027136E-08
683,2,124,39,-70.1897538598811,40,63,69.6,45.2,0.000229588024196592
684,2,124,39,-70.1897538598811,40,58,62,80.3,0.000140507459212684
685,2,124,39,-70.1897538598811,40,53,29.2,71.2,1.30376014047396E-05
686,2,124,39,-70.1897538598811,40,48,26.7,33.9,8.2641725833381E-06
687,2,124,39,-70.1897538598811,40,43,105.4,56.3,0.000701170765047801
688,2,124,39,-70.1897538598811,40,38,50.8,45.5,0.00188852007267348
689,1,16,41.6714046529209,-69.9404702564174,-60,68,152.7,57.6,4.49532379164467E-06
690,1,16,41.6714046529209,-69.9404702564174,-60,58,51.4,36.3,0.00029774269146312
691,1,16,41.6714046529209,-69.9404702564174,-60,48,74.6,66.4,4.80501106999522E-05
692,1,16,41.6714046529209,-69.9404702564174,-60,38,95.1,34.8,0.000614891121982918
693,1,16,41.6714046529209,-69.9404702564174,-60,28,35.6,65.8,5.06807302435982E-07
694,1,17,42.658541478425,-70.6100901859979,-60,68,53.3,47.8,8.55674368258266E-07
695,1,17,42.658541478425,-70.6100901859979,-60,58,151.4,52.8,0.000189233481930637
696,1,17,42.658541478425,-70.6100901859979,-60,48,88.8,33.2,0.000242020503372339
697,1,17,42.658541478425,-70.6100901859979,-60,38,83.5,69.8,0.00017777220376898
698,1,17,42.658541478425,-70.6100901859979,-60,28,28.4,50.8,5.74598253641915E-11
699,1,18,43.3154082368913,-70.5493009053257,-60,68,49.9,59.6,1.5690762725151E-06
700,1,18,43.3154082368913,-70.5493009053257,-60,58,154.1,45.5,0.00027804279253817
701,1,18,43.3154082368913,-70.5493009053257,-60,48,78.3,34.6,1.69265532627136E-08
702,1,18,43.3154082368913,-70.5493009053257,-60,38,91.6,68.2,0.000255276885535626
703,1,18,43.3154082368913,-70.5493009053257,-60,28,35.5,29.5,2.87510777141704E-08
704,1,19,43.7190691127129,-69.8833313784746,-60,68,69.1,65.7,6.18828926244414E-08
705,1,19,43.7190691127129,-69.8833313784746,-60,58,150.9,60.7,2.86607054908914E-06
706,1,19,43.7190691127129,-69.8833313784746,-60,48,97.9,36.8,0.00016461998521824
707,1,19,43.7190691127129,-69.8833313784746,-60,38,32.8,60,1.07242877600497E-06
708,1,19,43.7190691127129,-69.8833313784746,-60,28,53.5,34.3,3.42280480996269E-06
709,1,20,44.0175217141568,-68.969738939486,-60,68,151.9,44.3,4.13145520591355E-08
710,1,20,44.0175217141568,-68.969738939486,-60,58,51.9,60.3,0.000215697068805936
711,1,20,44.0175217141568,-68.969738939486,-60,48,78.1,32.8,3.00406583981798E-07
712,1,20,44.0175217141568,-68.969738939486,-60,38,92,67.4,0.000147975327661221
713,1,20,44.0175217141568,-68.969738939486,-60,28,36.2,32.2,3.88306494066756E-07
714,1,21,44.3261611881942,-68.0860253473507,-60,68,79.3,60.9,6.91069839502332E-05
715,1,21,44.3261611881942,-68.0860253473507,-60,58,152.7,52.6,0.000101740640101977
716,1,21,44.3261611881942,-68.0860253473507,-60,48,47.9,36.9,1.6623551775528E-05
717,1,21,44.3261611881942,-68.0860253473507,-60,38,39.8,71.3,1.31411935350779E-07
718,1,21,44.3261611881942,-68.0860253473507,-60,28,90.6,27.7,0.000115500739712477
719,1,22,43.7193841618532,-65.018555602147,-60,68,53.8,50.9,4.94824999696533E-05
720,1,22,43.7193841618532,-65.018555602147,-60,58,153.7,49.1,6.49462380670114E-05
721,1,22,43.7193841618532,-65.018555602147,-60,48,86,30.7,5.54866417580193E-05
722,1,22,43.7193841618532,-65.018555602147,-60,38,88.2,68.1,0.000728904923478699
723,1,22,43.7193841618532,-65.018555602147,-60,28,29.7,43.6,9.246705333675E-09
724,1,23,44.1669988207883,-64.4492805335519,-60,68,49.9,60.6,2.35955704701843E-05
725,1,23,44.1669988207883,-64.4492805335519,-60,58,150.2,45.6,7.53771916573356E-05
726,1,23,44.1669988207883,-64.4492805335519,-60,48,79.4,36.3,0.000109131718909723
727,1,23,44.1669988207883,-64.4492805335519,-60,38,92.6,70.6,0.000608868214346418
728,1,23,44.1669988207883,-64.4492805335519,-60,28,37.6,28.3,9.50797705967058E-09
729,1,24,44.4743606967642,-63.5605802098843,-60,68,52.3,61.6,2.76355303367718E-05
730,1,24,44.4743606967642,-63.5605802098843,-60,58,150.3,42.2,5.41217430952797E-05
731,1,24,44.4743606967642,-63.5605802098843,-60,48,76.8,33.5,0.000115133914548517
732,1,24,44.4743606967642,-63.5605802098843,-60,38,95.7,66.8,0.000431925353723551
733,1,24,44.4743606967642,-63.5605802098843,-60,28,35.6,33.7,3.27405394369821E-07
734,1,39,41.3295368475045,-69.988678437891,-40,68,51.2,49,0.000597294341757131
735,1,39,41.3295368475045,-69.988678437891,-40,58,151.8,49.4,3.54589775295791E-05
736,1,39,41.3295368475045,-69.988678437891,-40,48,86,31.4,0.000312533158888982
737,1,39,41.3295368475045,-69.988678437891,-40,38,85.3,68.1,0.000554868907951112
738,1,39,41.3295368475045,-69.988678437891,-40,28,26.5,50,3.03918159211695E-07
739,1,40,42.9641961239314,-70.7748055411947,-40,68,151.4,43.8,1.73800954383975E-06
740,1,40,42.9641961239314,-70.7748055411947,-40,58,77.2,35.1,0.000786370943652908
741,1,40,42.9641961239314,-70.7748055411947,-40,48,49.8,62.2,2.43933050849585E-08
742,1,40,42.9641961239314,-70.7748055411947,-40,38,37,30.5,1.69827549670323E-07
743,1,40,42.9641961239314,-70.7748055411947,-40,28,93.1,67.6,0.000106443332579817
744,1,41,43.4946436085502,-70.3197239056077,-40,68,54.4,63.8,2.14637217647039E-06
745,1,41,43.4946436085502,-70.3197239056077,-40,58,150.7,40.1,0.000100587055259752
746,1,41,43.4946436085502,-70.3197239056077,-40,48,70.2,29.5,4.11464557394476E-07
747,1,41,43.4946436085502,-70.3197239056077,-40,38,94.4,60.6,0.000886015259140092
748,1,41,43.4946436085502,-70.3197239056077,-40,28,34.6,39.7,1.00238592446047E-07
749,1,42,43.8034433047185,-69.6122703655994,-40,68,51.3,34.1,1.72980985911776E-08
750,1,42,43.8034433047185,-69.6122703655994,-40,58,150.5,59.1,1.13695673287746E-07
751,1,42,43.8034433047185,-69.6122703655994,-40,48,73.7,65,9.26821362142339E-06
752,1,42,43.8034433047185,-69.6122703655994,-40,38,96.5,34,0.00104213831993586
753,1,42,43.8034433047185,-69.6122703655994,-40,28,35.8,63.1,1.09122006683837E-06
754,1,43,44.0175952947944,-68.8042961328886,-40,68,51.2,36.5,3.55642665986958E-07
755,1,43,44.0175952947944,-68.8042961328886,-40,58,150.9,55.1,3.61873334309269E-05
756,1,43,44.0175952947944,-68.8042961328886,-40,48,77.7,63.8,0.00132330604108958
757,1,43,44.0175952947944,-68.8042961328886,-40,38,94,30.2,0.00105034770530114
758,1,43,44.0175952947944,-68.8042961328886,-40,28,36.8,66.7,6.60828243735061E-07
759,1,44,44.3248459748619,-68.1024963740405,-40,68,67.5,65.9,4.24256483898338E-05
760,1,44,44.3248459748619,-68.1024963740405,-40,58,152,64.6,0.000114129487366259
761,1,44,44.3248459748619,-68.1024963740405,-40,48,100.6,38.8,0.000388552530843517
762,1,44,44.3248459748619,-68.1024963740405,-40,38,53.9,31.8,3.20174050027138E-05
763,1,44,44.3248459748619,-68.1024963740405,-40,28,34.2,57,3.30375599282429E-09
764,1,45,44.5969574416912,-67.351659165657,-40,68,51.3,65.3,1.96509191066038E-06
765,1,45,44.5969574416912,-67.351659165657,-40,58,150.2,42.5,0.000116229962684939
766,1,45,44.5969574416912,-67.351659165657,-40,48,75.8,35.7,0.00139086565508582
767,1,45,44.5969574416912,-67.351659165657,-40,38,95.1,67.5,0.00115057869459013
768,1,45,44.5969574416912,-67.351659165657,-40,28,37.4,34.4,1.45369478635042E-09
769,1,46,43.65570691553,-65.200888298671,-40,68,48.3,35.5,5.00446562580597E-05
770,1,46,43.65570691553,-65.200888298671,-40,58,150.9,54.5,0.000128293732610589
771,1,46,43.65570691553,-65.200888298671,-40,48,79.1,60.9,0.00262872856326612
772,1,46,43.65570691553,-65.200888298671,-40,38,41.7,71.1,4.16107152806528E-05
773,1,46,43.65570691553,-65.200888298671,-40,28,90.6,28.8,0.000564383003070516
774,1,47,44.051923887554,-64.5992221246221,-40,68,52.2,65.1,2.4434299713152E-05
775,1,47,44.051923887554,-64.5992221246221,-40,58,151.3,41.5,0.000117870378957035
776,1,47,44.051923887554,-64.5992221246221,-40,48,70.8,30.1,0.000376304644709203
777,1,47,44.051923887554,-64.5992221246221,-40,38,91.7,60.6,0.00205135452502846
778,1,47,44.051923887554,-64.5992221246221,-40,28,36.3,40.6,6.97175220369982E-07
779,1,48,44.4599602535039,-64.0136059014146,-40,68,49.7,60.7,2.47801386218407E-05
780,1,48,44.4599602535039,-64.0136059014146,-40,58,152.9,45.3,6.61739614477782E-05
781,1,48,44.4599602535039,-64.0136059014146,-40,48,78.3,34.2,0.000535893311009151
782,1,48,44.4599602535039,-64.0136059014146,-40,38,90.7,67.5,0.00158879754799457
783,1,48,44.4599602535039,-64.0136059014146,-40,28,38.2,29.2,2.46941382668728E-09
784,1,49,44.6696931702237,-63.1916166662312,-40,68,48.3,60.2,4.8825576513974E-05
785,1,49,44.6696931702237,-63.1916166662312,-40,58,80.5,35.6,0.00141277666904106
786,1,49,44.6696931702237,-63.1916166662312,-40,48,150.6,46.6,6.76590814221184E-05
787,1,49,44.6696931702237,-63.1916166662312,-40,38,88.7,69.2,0.000972264749403959
788,1,49,44.6696931702237,-63.1916166662312,-40,28,40.2,28.6,1.91489906569077E-06
789,1,61,41.3311043005063,-70.7265464260881,-20,78,51.6,35.6,2.23366406114524E-05
790,1,61,41.3311043005063,-70.7265464260881,-20,68,76.2,65.7,0.00066840647430952
791,1,61,41.3311043005063,-70.7265464260881,-20,58,154.3,53.9,3.95901698385093E-06
792,1,61,41.3311043005063,-70.7265464260881,-20,48,92.7,33.4,0.00220856390323374
793,1,61,41.3311043005063,-70.7265464260881,-20,38,35.7,64.1,1.4610826007101E-05
794,1,62,41.4930763975335,-70.0273336101984,-20,78,48.7,36.9,1.64371869922688E-05
795,1,62,41.4930763975335,-70.0273336101984,-20,68,150.4,51.5,1.00203879363184E-06
796,1,62,41.4930763975335,-70.0273336101984,-20,58,78.7,64.9,0.00349079020142356
797,1,62,41.4930763975335,-70.0273336101984,-20,48,86.8,32.3,0.00143045303563574
798,1,62,41.4930763975335,-70.0273336101984,-20,38,39.7,66,1.1116564595522E-05
799,1,63,43.5720557942646,-70.1913631729919,-20,78,62.9,35.1,7.1237773470348E-16
800,1,63,43.5720557942646,-70.1913631729919,-20,68,102.9,57.2,9.71969227360616E-09
801,1,63,43.5720557942646,-70.1913631729919,-20,58,150.5,30.2,1.01738569399088E-05
802,1,63,43.5720557942646,-70.1913631729919,-20,48,57.9,71.7,2.01853853090999E-07
803,1,63,43.5720557942646,-70.1913631729919,-20,38,32.8,48.3,7.62977564324965E-06
804,1,64,43.8391089041774,-69.4596396301038,-20,78,52,64.3,8.58719801022264E-17
805,1,64,43.8391089041774,-69.4596396301038,-20,68,75,35.1,7.47434898744378E-10
806,1,64,43.8391089041774,-69.4596396301038,-20,58,150.6,40.9,1.04468214708504E-07
807,1,64,43.8391089041774,-69.4596396301038,-20,48,97,66.6,0.000765008542446768
808,1,64,43.8391089041774,-69.4596396301038,-20,38,37,35.3,4.02356257509459E-05
809,1,65,44.0036961764331,-68.6714804562394,-20,78,50.6,62.5,1.24668222681831E-13
810,1,65,44.0036961764331,-68.6714804562394,-20,68,150,44.8,4.70729622719437E-09
811,1,65,44.0036961764331,-68.6714804562394,-20,58,78.3,35.2,5.06664002809564E-05
812,1,65,44.0036961764331,-68.6714804562394,-20,48,91.5,68.6,0.000850600175437935
813,1,65,44.0036961764331,-68.6714804562394,-20,38,39.2,32.9,3.69476206228224E-05
814,1,66,44.3747101353623,-67.9923281605145,-20,78,51,36.3,4.3011034045739E-09
815,1,66,44.3747101353623,-67.9923281605145,-20,68,77.9,63.4,5.96455735372882E-05
816,1,66,44.3747101353623,-67.9923281605145,-20,58,151.6,54.9,0.000161438523966683
817,1,66,44.3747101353623,-67.9923281605145,-20,48,94.1,30.1,0.000269202649151292
818,1,66,44.3747101353623,-67.9923281605145,-20,38,37.2,67.2,8.80110635864391E-07
819,1,67,44.6161014518334,-67.2530131556411,-20,78,50.9,36.3,6.5755713500433E-09
820,1,67,44.6161014518334,-67.2530131556411,-20,68,78.8,66,2.73163902434359E-05
821,1,67,44.6161014518334,-67.2530131556411,-20,58,152.7,52.7,0.000103162574395477
822,1,67,44.6161014518334,-67.2530131556411,-20,48,37,66.3,0.000129857940224275
823,1,67,44.6161014518334,-67.2530131556411,-20,38,90.7,33.5,0.0019999067052211
824,1,68,43.5733786716171,-65.8622494288933,-20,78,59.2,69.2,2.196535982035E-06
825,1,68,43.5733786716171,-65.8622494288933,-20,68,165.9,50,4.10534698473119E-05
826,1,68,43.5733786716171,-65.8622494288933,-20,58,33.7,49.2,9.30745466622171E-05
827,1,68,43.5733786716171,-65.8622494288933,-20,48,93.2,48.5,0.00200724967196353
828,1,68,43.5733786716171,-65.8622494288933,-20,38,58,29.4,0.000539349977884988
829,1,69,43.7046056463375,-65.0623162580687,-20,78,52,61.4,1.81694578720483E-06
830,1,69,43.7046056463375,-65.0623162580687,-20,68,150.6,43.4,7.63156356546487E-05
831,1,69,43.7046056463375,-65.0623162580687,-20,58,94.7,67.2,0.00183415824002777
832,1,69,43.7046056463375,-65.0623162580687,-20,48,36.3,31.6,4.58693237621323E-05
833,1,69,43.7046056463375,-65.0623162580687,-20,38,77.7,33.7,0.00250880020033894
834,1,70,44.1722569492983,-64.4411292990732,-20,78,49.2,60.5,6.14253452433475E-07
835,1,70,44.1722569492983,-64.4411292990732,-20,68,80.9,34.8,0.000654260382815569
836,1,70,44.1722569492983,-64.4411292990732,-20,58,150,48.1,0.000331080558793252
837,1,70,44.1722569492983,-64.4411292990732,-20,48,86.9,67.6,0.000871482816583711
838,1,70,44.1722569492983,-64.4411292990732,-20,38,42.2,31.6,6.02956566696442E-06
839,1,71,44.4593806462778,-63.7147815247514,-20,78,37.6,67.3,2.01765887898849E-09
840,1,71,44.4593806462778,-63.7147815247514,-20,68,156.2,54.8,4.02218054707973E-05
841,1,71,44.4593806462778,-63.7147815247514,-20,58,92,32.5,0.00100743577637366
842,1,71,44.4593806462778,-63.7147815247514,-20,48,76.6,65,0.00222674874326449
843,1,71,44.4593806462778,-63.7147815247514,-20,38,49.2,37,7.28201084014912E-05
844,1,81,41.3238647225786,-70.3014633989414,0,68,88.9,43.1,0.000127271342987064
845,1,81,41.3238647225786,-70.3014633989414,0,63,54.6,49,0.00128578970998668
846,1,81,41.3238647225786,-70.3014633989414,0,58,153.7,53.9,1.85548851052893E-05
847,1,81,41.3238647225786,-70.3014633989414,0,53,32.3,60.1,8.60210269075409E-06
848,1,81,41.3238647225786,-70.3014633989414,0,48,86.2,51.8,0.00393664028628193
849,1,81,41.3238647225786,-70.3014633989414,0,43,74,73.2,0.00107736300020747
850,1,81,41.3238647225786,-70.3014633989414,0,38,70.1,18.1,0.00174450773773535
851,1,81,41.3238647225786,-70.3014633989414,0,33,43.6,43.1,0.000274990237709808
852,1,81,41.3238647225786,-70.3014633989414,0,28,103.6,42.4,0.00185548705800916
853,1,82,43.8365631761994,-69.48,0,68,63.5,50.8,1.76643952056797E-10
854,1,82,43.8365631761994,-69.48,0,63,83.8,62.2,9.84945787181136E-08
855,1,82,43.8365631761994,-69.48,0,58,156.2,46,6.31437050970748E-08
856,1,82,43.8365631761994,-69.48,0,53,28.3,58.4,4.82121980515339E-07
857,1,82,43.8365631761994,-69.48,0,48,80.5,24.6,1.20603494703849E-05
858,1,82,43.8365631761994,-69.48,0,43,43.3,33.2,0.000225780362963178
859,1,82,43.8365631761994,-69.48,0,38,49.5,64.2,0.000744562361384779
860,1,82,43.8365631761994,-69.48,0,33,104.1,54.8,0.00127459492872795
861,1,82,43.8365631761994,-69.48,0,28,61.3,59.9,0.000241994250613602
862,1,83,44.0053832831828,-68.66,0,68,71.8,59.7,2.65442964591651E-07
863,1,83,44.0053832831828,-68.66,0,63,162.1,50.3,3.84333490746271E-07
864,1,83,44.0053832831828,-68.66,0,58,57.7,72.2,0.000123828761321838
865,1,83,44.0053832831828,-68.66,0,53,48.5,31.5,0.000197153703726287
866,1,83,44.0053832831828,-68.66,0,48,32.2,52.6,0.000152408348464703
867,1,83,44.0053832831828,-68.66,0,43,99.7,26.5,0.000703024213592721
868,1,83,44.0053832831828,-68.66,0,38,71.7,38.2,0.0029414778245235
869,1,83,44.0053832831828,-68.66,0,33,105.2,58.9,0.000950826974645833
870,1,83,44.0053832831828,-68.66,0,28,51,58.1,6.85663655550644E-05
871,1,84,44.430079440352,-67.85,0,68,80.3,58.6,3.54476386171316E-05
872,1,84,44.430079440352,-67.85,0,63,56.9,47.8,5.55395998711522E-05
873,1,84,44.430079440352,-67.85,0,58,106.6,69.7,0.000294599508412475
874,1,84,44.430079440352,-67.85,0,53,153.3,48.9,0.00016428343166775
875,1,84,44.430079440352,-67.85,0,48,31.7,41.5,5.69060355252366E-05
876,1,84,44.430079440352,-67.85,0,43,99.8,34.2,0.00232037673874526
877,1,84,44.430079440352,-67.85,0,38,42.5,72.7,8.57745363939881E-06
878,1,84,44.430079440352,-67.85,0,33,54.3,27,3.16711052955525E-05
879,1,84,44.430079440352,-67.85,0,28,72.8,57.4,0.000502016657091699
880,1,85,44.7561639528513,-67.04,0,68,84.8,30.2,1.86482743479722E-05
881,1,85,44.7561639528513,-67.04,0,63,52.4,50.9,8.96647857009452E-05
882,1,85,44.7561639528513,-67.04,0,58,154,46.5,0.000208662469898502
883,1,85,44.7561639528513,-67.04,0,53,102.7,54.4,0.00126693471485827
884,1,85,44.7561639528513,-67.04,0,48,78,34.6,0.0015186921532918
885,1,85,44.7561639528513,-67.04,0,43,82.9,71.5,0.00304484482957456
886,1,85,44.7561639528513,-67.04,0,38,35.7,38,8.07400565440698E-07
887,1,85,44.7561639528513,-67.04,0,33,38.2,78.6,5.68059874059695E-07
888,1,85,44.7561639528513,-67.04,0,28,58.8,48.4,0.000154622666271465
889,1,86,44.0889092768751,-66.22,0,68,79.2,25.2,5.96395543454825E-05
890,1,86,44.0889092768751,-66.22,0,63,150.9,47.6,0.00017682533860717
891,1,86,44.0889092768751,-66.22,0,58,79.9,67.5,0.000986175528535437
892,1,86,44.0889092768751,-66.22,0,53,52,45.9,0.00114733598247421
893,1,86,44.0889092768751,-66.22,0,48,45.3,82.7,0.000159289631487619
894,1,86,44.0889092768751,-66.22,0,43,33.1,43.2,6.01677837995242E-06
895,1,86,44.0889092768751,-66.22,0,38,98.4,59.2,0.00350276799433841
896,1,86,44.0889092768751,-66.22,0,33,98.7,39.7,0.00322240414440963
897,1,86,44.0889092768751,-66.22,0,28,57,52.7,0.000246790324999994
898,1,87,43.5034595315382,-65.41,0,68,103.6,67.9,0.000197045155742029
899,1,87,43.5034595315382,-65.41,0,63,70.5,28.5,0.000318051772378506
900,1,87,43.5034595315382,-65.41,0,58,53.8,53.3,0.00272541019307501
901,1,87,43.5034595315382,-65.41,0,53,162.9,40.4,7.75139912713689E-05
902,1,87,43.5034595315382,-65.41,0,48,32.1,51.6,0.000472795411622187
903,1,87,43.5034595315382,-65.41,0,43,97,42.4,0.00451763309537575
904,1,87,43.5034595315382,-65.41,0,38,55.7,65.2,0.00176598944915999
905,1,87,43.5034595315382,-65.41,0,33,48.9,28.8,0.000159637294741963
906,1,87,43.5034595315382,-65.41,0,28,79.4,56.4,0.00160409585939619
907,1,88,44.0511426366709,-64.6,0,68,83.2,56.4,0.000193047388186743
908,1,88,44.0511426366709,-64.6,0,63,50.2,44.3,0.000366358239972583
909,1,88,44.0511426366709,-64.6,0,58,168.1,43.2,9.80946310517897E-05
910,1,88,44.0511426366709,-64.6,0,53,80.3,28,0.000906945383107502
911,1,88,44.0511426366709,-64.6,0,48,42.4,78.5,0.000751575957520198
912,1,88,44.0511426366709,-64.6,0,43,58.8,67.4,0.00332374267038467
913,1,88,44.0511426366709,-64.6,0,38,103.9,61.4,0.00238788664715049
914,1,88,44.0511426366709,-64.6,0,33,36.5,38.3,5.60463799272538E-06
915,1,88,44.0511426366709,-64.6,0,28,70.9,42,0.0014363060985467
916,1,89,44.4732638829571,-63.78,0,68,75.8,61.4,0.000135947046834082
917,1,89,44.4732638829571,-63.78,0,63,83,41.1,0.00116626323991723
918,1,89,44.4732638829571,-63.78,0,58,170.3,51.8,0.000145882481328682
919,1,89,44.4732638829571,-63.78,0,53,47.9,45.8,0.00251904766863437
920,1,89,44.4732638829571,-63.78,0,48,26.2,53.2,0.000148496952401261
921,1,89,44.4732638829571,-63.78,0,43,64,24.9,0.000192523984133354
922,1,89,44.4732638829571,-63.78,0,38,101,44.3,0.00485683639032233
923,1,89,44.4732638829571,-63.78,0,33,75.3,74.3,0.00149587466626255
924,1,89,44.4732638829571,-63.78,0,28,49.5,56.1,5.00194541650966E-05
925,1,90,41.5,-72.250384320804,20,68,50.2,40.8,2.520675130562E-05
926,1,90,41.5,-72.250384320804,20,63,93.7,36.9,5.28207273086392E-05
927,1,90,41.5,-72.250384320804,20,58,65.6,77.6,0.00106764707548708
928,1,90,41.5,-72.250384320804,20,53,161.6,47.3,3.06034759567686E-05
929,1,90,41.5,-72.250384320804,20,48,56.9,54.2,0.00185914722394641
930,1,90,41.5,-72.250384320804,20,43,29.8,54.6,9.49545040960285E-06
931,1,90,41.5,-72.250384320804,20,38,71.6,19.9,0.000907959461296225
932,1,90,41.5,-72.250384320804,20,33,92.5,61,0.000915928105288972
933,1,90,41.5,-72.250384320804,20,28,59.3,59.6,0.000552786668157191
934,1,91,41.5,-71.3002822880092,20,68,89.5,40,5.68548333475955E-05
935,1,91,41.5,-71.3002822880092,20,63,60.4,47.2,0.000972272861860763
936,1,91,41.5,-71.3002822880092,20,58,30.9,54.4,2.21333997782929E-06
937,1,91,41.5,-71.3002822880092,20,53,174.2,44.7,3.08304544138156E-07
938,1,91,41.5,-71.3002822880092,20,48,101.6,71.8,0.00153510555301561
939,1,91,41.5,-71.3002822880092,20,43,55.6,69.1,0.000488534366599912
940,1,91,41.5,-71.3002822880092,20,38,38.4,31.7,4.01201478204225E-05
941,1,91,41.5,-71.3002822880092,20,33,97.9,38.1,0.00212116929327916
942,1,91,41.5,-71.3002822880092,20,28,53.5,30.2,0.000699346343054172
943,1,92,41.5,-70.3605982478269,20,68,87,50.7,7.87016793418645E-05
944,1,92,41.5,-70.3605982478269,20,63,101.4,31.1,5.06897502619524E-05
945,1,92,41.5,-70.3605982478269,20,58,52.4,50.4,0.00114547068713059
946,1,92,41.5,-70.3605982478269,20,53,50,45,0.00111845123868824
947,1,92,41.5,-70.3605982478269,20,48,155.2,51,8.73478160913345E-05
948,1,92,41.5,-70.3605982478269,20,43,27.3,44.6,1.94059939582769E-06
949,1,92,41.5,-70.3605982478269,20,38,86.8,60.7,0.0025813922326873
950,1,92,41.5,-70.3605982478269,20,33,48.8,80.8,0.000116919706531994
951,1,92,41.5,-70.3605982478269,20,28,74.6,27.5,0.00171671453962272
952,1,93,41.5,-69.4107408045474,20,68,54.7,49.9,0.000243560661111637
953,1,93,41.5,-69.4107408045474,20,63,111.7,16,1.76134718208962E-06
954,1,93,41.5,-69.4107408045474,20,58,34.7,54.1,0.000125265060511694
955,1,93,41.5,-69.4107408045474,20,53,164.6,52.3,6.02839441282601E-05
956,1,93,41.5,-69.4107408045474,20,48,74.6,45,0.00478361307116794
957,1,93,41.5,-69.4107408045474,20,43,67,79.5,0.000425550473825637
958,1,93,41.5,-69.4107408045474,20,38,50.6,17.1,0.000910297851609083
959,1,93,41.5,-69.4107408045474,20,33,101.8,49.5,0.00261613768617886
960,1,93,41.5,-69.4107408045474,20,28,48.1,53.1,0.000371724424044767
961,1,94,41.5,-68.4706015547347,20,68,100.2,38.3,4.27085580873238E-05
962,1,94,41.5,-68.4706015547347,20,63,82.1,74,0.000432118694031283
963,1,94,41.5,-68.4706015547347,20,58,59.2,46.8,0.00178864629759926
964,1,94,41.5,-68.4706015547347,20,53,151,52.6,0.000207222972261577
965,1,94,41.5,-68.4706015547347,20,48,63.7,58.6,0.00286720742637074
966,1,94,41.5,-68.4706015547347,20,43,34.1,71.5,2.26453473903618E-05
967,1,94,41.5,-68.4706015547347,20,38,41.1,35.4,0.000454365628663658
968,1,94,41.5,-68.4706015547347,20,33,78.1,25.1,0.00310640661409712
969,1,94,41.5,-68.4706015547347,20,28,93.6,49.1,0.00253433936307475
970,1,95,41.5,-67.5208318227014,20,68,62.1,41.9,0.000230579281587398
971,1,95,41.5,-67.5208318227014,20,63,92.3,56.8,0.00105114545241102
972,1,95,41.5,-67.5208318227014,20,58,156.3,29,2.85888937766102E-05
973,1,95,41.5,-67.5208318227014,20,53,34.7,57,0.000128168830235305
974,1,95,41.5,-67.5208318227014,20,48,113.3,57.3,0.00169235061349808
975,1,95,41.5,-67.5208318227014,20,43,49.6,45.8,0.00183151260981639
976,1,95,41.5,-67.5208318227014,20,38,61.4,69.3,0.00125635473582384
977,1,95,41.5,-67.5208318227014,20,33,74.3,36.2,0.00407252067414903
978,1,95,41.5,-67.5208318227014,20,28,41.8,25.9,0.000108515175547106
979,1,96,41.5,-66.5710568652546,20,68,108.6,70.9,9.91070789456555E-05
980,1,96,41.5,-66.5710568652546,20,63,88.1,28,0.000231750035692879
981,1,96,41.5,-66.5710568652546,20,58,52.4,57.4,0.00124739031342688
982,1,96,41.5,-66.5710568652546,20,53,27.9,51.3,1.14006895050986E-05
983,1,96,41.5,-66.5710568652546,20,48,151.9,46.1,0.000223462105803676
984,1,96,41.5,-66.5710568652546,20,43,77.1,51.3,0.00692564344767958
985,1,96,41.5,-66.5710568652546,20,38,49.8,29,0.00208575297494083
986,1,96,41.5,-66.5710568652546,20,33,88.1,54.2,0.00278795156196394
987,1,96,41.5,-66.5710568652546,20,28,54.7,72.8,0.000135710889495067
988,1,97,41.5,-65.6317562893785,20,68,84.5,59.2,0.000261145923738925
989,1,97,41.5,-65.6317562893785,20,63,83.3,24.9,0.000456569369656443
990,1,97,41.5,-65.6317562893785,20,58,39.5,65.9,0.000134677872625654
991,1,97,41.5,-65.6317562893785,20,53,67.9,65.8,0.00282338120415565
992,1,97,41.5,-65.6317562893785,20,48,150,36.1,0.000178470613072975
993,1,97,41.5,-65.6317562893785,20,43,59.3,34.4,0.00513693789697819
994,1,97,41.5,-65.6317562893785,20,38,108.4,50,0.00221122210525037
995,1,97,41.5,-65.6317562893785,20,33,30.2,37.5,7.92994920118463E-05
996,1,97,41.5,-65.6317562893785,20,28,61.8,65,0.000718350661809164
997,1,113,41.5,-72.2497166583135,40,78,82.1,55.5,6.79258335772271E-07
998,1,113,41.5,-72.2497166583135,40,73,156.2,47.7,3.45066632121559E-09
999,1,113,41.5,-72.2497166583135,40,68,44.9,34.1,3.68380774418919E-06
1000,1,113,41.5,-72.2497166583135,40,63,81.6,22.7,4.11711161052042E-06
1001,1,113,41.5,-72.2497166583135,40,58,33.5,64.3,4.08986706468305E-05
1002,1,113,41.5,-72.2497166583135,40,53,68.5,82.9,0.000583511079442223
1003,1,113,41.5,-72.2497166583135,40,48,58.2,52.3,0.0023619532526034
1004,1,113,41.5,-72.2497166583135,40,43,113.4,52.3,0.000689802702901431
1005,1,113,41.5,-72.2497166583135,40,38,68.9,44.7,0.00153082421029445
1006,1,114,41.5,-71.0897637871965,40,78,116.7,64.3,2.4842030622582E-08
1007,1,114,41.5,-71.0897637871965,40,73,57.8,50.6,2.02906590971929E-05
1008,1,114,41.5,-71.0897637871965,40,68,73.4,18.8,1.88386513265441E-05
1009,1,114,41.5,-71.0897637871965,40,63,56.4,53.8,0.000291321312056638
1010,1,114,41.5,-71.0897637871965,40,58,151.6,38.9,4.80719106408006E-07
1011,1,114,41.5,-71.0897637871965,40,53,28.8,56.6,5.18791531347322E-07
1012,1,114,41.5,-71.0897637871965,40,48,40,29.4,2.58113510804248E-05
1013,1,114,41.5,-71.0897637871965,40,43,73.4,76.9,0.000519337433453606
1014,1,114,41.5,-71.0897637871965,40,38,86.8,42.9,0.00238560721742702
1015,1,115,41.5,-69.9298783795447,40,78,157.2,53.4,6.33561045546774E-12
1016,1,115,41.5,-69.9298783795447,40,73,54.6,22.9,9.74132785484853E-07
1017,1,115,41.5,-69.9298783795447,40,68,71,44.7,2.62108999623008E-05
1018,1,115,41.5,-69.9298783795447,40,63,51.4,73,0.00010289697165714
1019,1,115,41.5,-69.9298783795447,40,58,74.4,47.8,0.000841810271055491
1020,1,115,41.5,-69.9298783795447,40,53,96.4,75.3,0.000891992933205687
1021,1,115,41.5,-69.9298783795447,40,48,30.5,48.8,1.52283248437107E-06
1022,1,115,41.5,-69.9298783795447,40,43,113.5,35.8,0.00159575707654364
1023,1,115,41.5,-69.9298783795447,40,38,56.5,47.6,0.00160515146559148
1024,1,116,41.5,-68.7698129951632,40,78,65.2,47.2,9.89721469298049E-07
1025,1,116,41.5,-68.7698129951632,40,73,154.5,46.8,1.0125240214343E-07
1026,1,116,41.5,-68.7698129951632,40,68,39.2,66.9,9.32463453078627E-06
1027,1,116,41.5,-68.7698129951632,40,63,34.9,27.3,0.0000147609407054
1028,1,116,41.5,-68.7698129951632,40,58,99.6,26.3,7.60566477721623E-05
1029,1,116,41.5,-68.7698129951632,40,53,70,78.9,0.000175676757639519
1030,1,116,41.5,-68.7698129951632,40,48,104.4,58.4,0.0015152108674881
1031,1,116,41.5,-68.7698129951632,40,43,70.9,36.5,0.00382810408116701
1032,1,116,41.5,-68.7698129951632,40,38,52.6,45.5,0.00164092425220707
1033,1,117,41.5,-67.6099897463381,40,78,83.1,66.9,4.32696115402479E-06
1034,1,117,41.5,-67.6099897463381,40,73,88.3,27,3.83123032400701E-06
1035,1,117,41.5,-67.6099897463381,40,68,156.5,44.6,9.49458656149034E-06
1036,1,117,41.5,-67.6099897463381,40,63,45.2,52.3,8.99370488962461E-05
1037,1,117,41.5,-67.6099897463381,40,58,32.8,28,1.85849236038673E-05
1038,1,117,41.5,-67.6099897463381,40,53,72.7,44.2,0.00209930517768324
1039,1,117,41.5,-67.6099897463381,40,48,63.9,42.5,0.00275109933862162
1040,1,117,41.5,-67.6099897463381,40,43,53.3,81,0.000294057548024357
1041,1,117,41.5,-67.6099897463381,40,38,107.3,53.1,0.00193723870591258
1042,1,118,41.5,-66.4501968153327,40,78,174.3,42.7,6.88938548685661E-09
1043,1,118,41.5,-66.4501968153327,40,73,76.8,62.4,1.70297438244633E-05
1044,1,118,41.5,-66.4501968153327,40,68,57.9,66.2,5.11008335017398E-05
1045,1,118,41.5,-66.4501968153327,40,63,39.5,61,2.6787628514518E-05
1046,1,118,41.5,-66.4501968153327,40,58,74.4,32.4,0.000796414601080363
1047,1,118,41.5,-66.4501968153327,40,53,39.5,32.9,0.000167314019259158
1048,1,118,41.5,-66.4501968153327,40,48,68.8,31.8,0.0017934139798845
1049,1,118,41.5,-66.4501968153327,40,43,114.2,50.5,0.00154052783621762
1050,1,118,41.5,-66.4501968153327,40,38,58.6,57.5,0.00236275186117507
