storm_ID,Region_ID,Track_ID,Track_lat,Track_lon,Heading,dP,Rmax,Translational_speed,DSW
1.0,3.0,1.0,35.00696646998752,-76.11733121976151,-60.0,88.0,38.6,18.3,1.39782767410393e-09
2.0,3.0,1.0,35.00696646998752,-76.11733121976151,-60.0,78.0,108.4,28.8,0.00026116503371092966
3.0,3.0,1.0,35.00696646998752,-76.11733121976151,-60.0,68.0,62.0,42.5,0.0009600992800866845
4.0,3.0,1.0,35.00696646998752,-76.11733121976151,-60.0,58.0,46.6,31.9,0.000749832187517581
5.0,3.0,1.0,35.00696646998752,-76.11733121976151,-60.0,48.0,63.9,12.0,0.0008629807048037197
6.0,3.0,1.0,35.00696646998752,-76.11733121976151,-60.0,38.0,72.3,18.6,0.0020455439499366913
7.0,3.0,1.0,35.00696646998752,-76.11733121976151,-60.0,28.0,26.2,39.5,1.331196645696155e-06
8.0,3.0,2.0,35.34053166946516,-75.50248930759085,-60.0,88.0,113.5,24.7,3.271584376708925e-05
9.0,3.0,2.0,35.34053166946516,-75.50248930759085,-60.0,78.0,50.7,29.9,2.060250240296681e-05
10.0,3.0,2.0,35.34053166946516,-75.50248930759085,-60.0,68.0,25.8,31.4,2.0366916498057993e-08
11.0,3.0,2.0,35.34053166946516,-75.50248930759085,-60.0,58.0,37.3,12.0,9.854273153439417e-05
12.0,3.0,2.0,35.34053166946516,-75.50248930759085,-60.0,48.0,77.4,43.5,0.0001815871641065844
13.0,3.0,2.0,35.34053166946516,-75.50248930759085,-60.0,38.0,71.9,12.8,0.0017009269239000536
14.0,3.0,2.0,35.34053166946516,-75.50248930759085,-60.0,28.0,39.4,39.5,1.5950041612187723e-05
15.0,3.0,3.0,36.0411894821736,-75.67255142171969,-60.0,88.0,104.8,24.0,2.3528107626010045e-05
16.0,3.0,3.0,36.0411894821736,-75.67255142171969,-60.0,78.0,50.4,29.9,9.00589487345394e-06
17.0,3.0,3.0,36.0411894821736,-75.67255142171969,-60.0,68.0,39.3,12.0,5.08163668808495e-06
18.0,3.0,3.0,36.0411894821736,-75.67255142171969,-60.0,58.0,25.6,29.4,1.1170991698140906e-07
19.0,3.0,3.0,36.0411894821736,-75.67255142171969,-60.0,48.0,81.6,44.3,0.0001654509599823597
20.0,3.0,3.0,36.0411894821736,-75.67255142171969,-60.0,38.0,68.1,14.8,0.0008636895158221192
21.0,3.0,3.0,36.0411894821736,-75.67255142171969,-60.0,28.0,41.8,40.4,7.671343373808499e-06
22.0,3.0,4.0,36.788861620527925,-75.95756673470429,-60.0,88.0,50.3,40.0,3.163260183100003e-07
23.0,3.0,4.0,36.788861620527925,-75.95756673470429,-60.0,78.0,50.5,28.7,6.0022909311887295e-06
24.0,3.0,4.0,36.788861620527925,-75.95756673470429,-60.0,68.0,107.2,26.1,0.000276369771211499
25.0,3.0,4.0,36.788861620527925,-75.95756673470429,-60.0,58.0,64.9,12.0,0.00023376115769562582
26.0,3.0,4.0,36.788861620527925,-75.95756673470429,-60.0,48.0,28.2,34.5,2.8041616155222788e-06
27.0,3.0,4.0,36.788861620527925,-75.95756673470429,-60.0,38.0,36.6,12.8,0.0001357665069477306
28.0,3.0,4.0,36.788861620527925,-75.95756673470429,-60.0,28.0,75.1,37.9,4.691944496335128e-05
29.0,3.0,5.0,37.31366366292034,-75.76850103751879,-60.0,88.0,77.5,36.6,2.8355899416991633e-07
30.0,3.0,5.0,37.31366366292034,-75.76850103751879,-60.0,78.0,35.0,26.1,2.490946213038167e-08
31.0,3.0,5.0,37.31366366292034,-75.76850103751879,-60.0,68.0,62.4,12.0,2.603274979147408e-05
32.0,3.0,5.0,37.31366366292034,-75.76850103751879,-60.0,58.0,109.3,25.0,0.0002742999807950479
33.0,3.0,5.0,37.31366366292034,-75.76850103751879,-60.0,48.0,48.9,24.9,0.0003878792249590861
34.0,3.0,5.0,37.31366366292034,-75.76850103751879,-60.0,38.0,57.7,40.5,0.0003052227192099798
35.0,3.0,5.0,37.31366366292034,-75.76850103751879,-60.0,28.0,25.0,34.8,1.0395389329532685e-05
36.0,3.0,6.0,37.80334969359557,-75.51732827140268,-60.0,88.0,72.4,31.2,1.7393138909115135e-08
37.0,3.0,6.0,37.80334969359557,-75.51732827140268,-60.0,78.0,38.4,26.9,4.8707666353837996e-08
38.0,3.0,6.0,37.80334969359557,-75.51732827140268,-60.0,68.0,52.8,35.3,5.954124132890285e-05
39.0,3.0,6.0,37.80334969359557,-75.51732827140268,-60.0,58.0,105.4,27.8,0.0003496003102159329
40.0,3.0,6.0,37.80334969359557,-75.51732827140268,-60.0,48.0,63.8,13.8,0.0007453206147866355
41.0,3.0,6.0,37.80334969359557,-75.51732827140268,-60.0,38.0,25.0,28.2,0.00012518341871481478
42.0,3.0,6.0,37.80334969359557,-75.51732827140268,-60.0,28.0,61.3,46.0,3.3404995042466616e-05
43.0,3.0,7.0,38.23032110697189,-75.14070655177544,-60.0,88.0,49.7,37.4,8.63818938678603e-11
44.0,3.0,7.0,38.23032110697189,-75.14070655177544,-60.0,78.0,78.2,12.4,5.543891949073079e-09
45.0,3.0,7.0,38.23032110697189,-75.14070655177544,-60.0,68.0,103.7,34.6,5.3700440776018573e-05
46.0,3.0,7.0,38.23032110697189,-75.14070655177544,-60.0,58.0,41.4,12.4,5.254560730969251e-06
47.0,3.0,7.0,38.23032110697189,-75.14070655177544,-60.0,48.0,25.0,31.3,2.766736350612906e-05
48.0,3.0,7.0,38.23032110697189,-75.14070655177544,-60.0,38.0,47.6,20.2,0.00033721820642322614
49.0,3.0,7.0,38.23032110697189,-75.14070655177544,-60.0,28.0,71.2,33.1,0.00010354081935255691
50.0,3.0,8.0,38.80734722850972,-75.0879452162235,-60.0,88.0,46.6,17.7,1.0164839972507185e-13
51.0,3.0,8.0,38.80734722850972,-75.0879452162235,-60.0,78.0,75.4,40.1,3.016014879240063e-06
52.0,3.0,8.0,38.80734722850972,-75.0879452162235,-60.0,68.0,103.5,20.8,1.9452584050237738e-05
53.0,3.0,8.0,38.80734722850972,-75.0879452162235,-60.0,58.0,40.6,39.2,0.00011369916651565849
54.0,3.0,8.0,38.80734722850972,-75.0879452162235,-60.0,48.0,66.8,35.8,0.000840707774440514
55.0,3.0,8.0,38.80734722850972,-75.0879452162235,-60.0,38.0,25.2,18.6,2.910742911854625e-05
56.0,3.0,8.0,38.80734722850972,-75.0879452162235,-60.0,28.0,57.9,13.0,2.386742976460098e-06
57.0,3.0,25.0,35.01366181447353,-76.10851005923246,-40.0,88.0,52.6,20.2,4.344957616651241e-07
58.0,3.0,25.0,35.01366181447353,-76.10851005923246,-40.0,78.0,104.7,21.4,0.000293532272658575
59.0,3.0,25.0,35.01366181447353,-76.10851005923246,-40.0,68.0,28.6,22.2,2.314538635483531e-08
60.0,3.0,25.0,35.01366181447353,-76.10851005923246,-40.0,58.0,72.7,41.0,0.00346899713935137
61.0,3.0,25.0,35.01366181447353,-76.10851005923246,-40.0,48.0,50.9,40.3,0.001985436125303782
62.0,3.0,25.0,35.01366181447353,-76.10851005923246,-40.0,38.0,38.5,35.9,0.00021357940968002144
63.0,3.0,25.0,35.01366181447353,-76.10851005923246,-40.0,28.0,65.4,12.0,0.0016592676537257366
64.0,3.0,26.0,35.29156563987289,-75.51652709344184,-40.0,88.0,53.5,29.7,1.0421184857388302e-06
65.0,3.0,26.0,35.29156563987289,-75.51652709344184,-40.0,78.0,103.9,30.4,0.0004957131319224939
66.0,3.0,26.0,35.29156563987289,-75.51652709344184,-40.0,68.0,37.1,12.0,8.368983960597144e-06
67.0,3.0,26.0,35.29156563987289,-75.51652709344184,-40.0,58.0,29.0,38.0,2.7366188328446916e-06
68.0,3.0,26.0,35.29156563987289,-75.51652709344184,-40.0,48.0,79.7,13.5,0.0007428374013059856
69.0,3.0,26.0,35.29156563987289,-75.51652709344184,-40.0,38.0,62.6,47.5,8.292716660350087e-05
70.0,3.0,26.0,35.29156563987289,-75.51652709344184,-40.0,28.0,50.4,22.8,0.0011538182184553188
71.0,3.0,27.0,36.4143404842084,-75.8345245075798,-40.0,88.0,43.7,24.2,2.978607079488892e-09
72.0,3.0,27.0,36.4143404842084,-75.8345245075798,-40.0,78.0,66.1,44.9,4.5471993259872014e-05
73.0,3.0,27.0,36.4143404842084,-75.8345245075798,-40.0,68.0,116.7,25.4,0.0005400210386379005
74.0,3.0,27.0,36.4143404842084,-75.8345245075798,-40.0,58.0,51.6,16.9,0.0004110430321873647
75.0,3.0,27.0,36.4143404842084,-75.8345245075798,-40.0,48.0,26.2,20.3,5.1005908671363595e-06
76.0,3.0,27.0,36.4143404842084,-75.8345245075798,-40.0,38.0,39.0,41.5,6.717976696569465e-05
77.0,3.0,27.0,36.4143404842084,-75.8345245075798,-40.0,28.0,74.4,23.0,0.0005320695782002864
78.0,3.0,28.0,37.21457346671381,-75.81254867390827,-40.0,88.0,69.2,43.2,7.216377458170113e-07
79.0,3.0,28.0,37.21457346671381,-75.81254867390827,-40.0,78.0,52.7,15.9,5.719007634362206e-07
80.0,3.0,28.0,37.21457346671381,-75.81254867390827,-40.0,68.0,36.7,41.8,1.2636776740598772e-05
81.0,3.0,28.0,37.21457346671381,-75.81254867390827,-40.0,58.0,103.4,23.1,0.0007173485168887568
82.0,3.0,28.0,37.21457346671381,-75.81254867390827,-40.0,48.0,29.5,19.0,1.8757622794143205e-05
83.0,3.0,28.0,37.21457346671381,-75.81254867390827,-40.0,38.0,62.1,37.8,0.000661842706160427
84.0,3.0,28.0,37.21457346671381,-75.81254867390827,-40.0,28.0,60.2,24.6,0.0002596075909642658
85.0,3.0,29.0,37.775743972117425,-75.53609517135966,-40.0,88.0,52.8,35.1,6.02728721177408e-09
86.0,3.0,29.0,37.775743972117425,-75.53609517135966,-40.0,78.0,79.0,22.4,3.163560058952406e-06
87.0,3.0,29.0,37.775743972117425,-75.53609517135966,-40.0,68.0,31.7,22.4,5.047443001488857e-07
88.0,3.0,29.0,37.775743972117425,-75.53609517135966,-40.0,58.0,104.6,28.1,0.000736497930047909
89.0,3.0,29.0,37.775743972117425,-75.53609517135966,-40.0,48.0,55.4,12.0,0.0007997727770974677
90.0,3.0,29.0,37.775743972117425,-75.53609517135966,-40.0,38.0,31.3,47.1,0.00012639211760728236
91.0,3.0,29.0,37.775743972117425,-75.53609517135966,-40.0,28.0,59.4,39.0,0.000143284134166438
92.0,3.0,30.0,38.217134418099555,-75.14581901375641,-40.0,88.0,53.3,21.1,1.458698555254663e-12
93.0,3.0,30.0,38.217134418099555,-75.14581901375641,-40.0,78.0,41.9,22.4,1.386567771334415e-09
94.0,3.0,30.0,38.217134418099555,-75.14581901375641,-40.0,68.0,115.4,40.0,0.0001018886557803078
95.0,3.0,30.0,38.217134418099555,-75.14581901375641,-40.0,58.0,25.1,32.6,2.283002032321608e-06
96.0,3.0,30.0,38.217134418099555,-75.14581901375641,-40.0,48.0,83.3,23.9,0.0015349054542360002
97.0,3.0,30.0,38.217134418099555,-75.14581901375641,-40.0,38.0,50.0,45.3,0.0006722742120475179
98.0,3.0,30.0,38.217134418099555,-75.14581901375641,-40.0,28.0,45.6,12.6,0.00013703363409807909
99.0,3.0,31.0,38.900459280408526,-75.02652397715448,-40.0,88.0,64.8,15.6,7.607422303210514e-12
100.0,3.0,31.0,38.900459280408526,-75.02652397715448,-40.0,78.0,54.2,43.9,1.143780135044687e-06
101.0,3.0,31.0,38.900459280408526,-75.02652397715448,-40.0,68.0,104.1,31.2,6.226709519477974e-05
102.0,3.0,31.0,38.900459280408526,-75.02652397715448,-40.0,58.0,44.3,17.1,1.0668288027847836e-05
103.0,3.0,31.0,38.900459280408526,-75.02652397715448,-40.0,48.0,26.9,31.5,1.5120056813642308e-06
104.0,3.0,31.0,38.900459280408526,-75.02652397715448,-40.0,38.0,45.9,25.0,0.00028566614751605136
105.0,3.0,31.0,38.900459280408526,-75.02652397715448,-40.0,28.0,73.9,20.8,9.956722827255633e-06
106.0,3.0,50.0,35.01189099185289,-76.11084312971717,-20.0,98.0,65.6,38.1,6.22589875905239e-08
107.0,3.0,50.0,35.01189099185289,-76.11084312971717,-20.0,88.0,75.8,12.0,5.929484827110287e-06
108.0,3.0,50.0,35.01189099185289,-76.11084312971717,-20.0,78.0,41.8,20.6,5.869767400578942e-07
109.0,3.0,50.0,35.01189099185289,-76.11084312971717,-20.0,68.0,112.8,32.0,0.0006402292589402161
110.0,3.0,50.0,35.01189099185289,-76.11084312971717,-20.0,58.0,25.0,23.4,3.840072302005499e-08
111.0,3.0,50.0,35.01189099185289,-76.11084312971717,-20.0,48.0,37.5,49.5,0.00015099168738067525
112.0,3.0,50.0,35.01189099185289,-76.11084312971717,-20.0,38.0,62.3,29.9,0.0030662858889616918
113.0,3.0,51.0,35.27197510985242,-75.52411027009886,-20.0,98.0,48.3,25.7,5.588453919004256e-10
114.0,3.0,51.0,35.27197510985242,-75.52411027009886,-20.0,88.0,117.1,28.8,5.167226446551725e-05
115.0,3.0,51.0,35.27197510985242,-75.52411027009886,-20.0,78.0,68.4,42.5,0.0003337969515522412
116.0,3.0,51.0,35.27197510985242,-75.52411027009886,-20.0,68.0,47.0,24.0,0.00024763940446759333
117.0,3.0,51.0,35.27197510985242,-75.52411027009886,-20.0,58.0,72.0,12.4,0.0029427949872451492
118.0,3.0,51.0,35.27197510985242,-75.52411027009886,-20.0,48.0,32.6,41.4,0.000164253565926394
119.0,3.0,51.0,35.27197510985242,-75.52411027009886,-20.0,38.0,30.5,12.0,0.00017263505193019487
120.0,3.0,52.0,37.341091327481344,-75.74509846797966,-20.0,98.0,62.8,27.9,7.179373508434551e-12
121.0,3.0,52.0,37.341091327481344,-75.74509846797966,-20.0,88.0,38.2,22.2,3.677644234339562e-11
122.0,3.0,52.0,37.341091327481344,-75.74509846797966,-20.0,78.0,114.8,26.5,1.4894389916073987e-05
123.0,3.0,52.0,37.341091327481344,-75.74509846797966,-20.0,68.0,69.8,38.5,0.0004368573149357143
124.0,3.0,52.0,37.341091327481344,-75.74509846797966,-20.0,58.0,25.0,24.8,4.835268043821291e-07
125.0,3.0,52.0,37.341091327481344,-75.74509846797966,-20.0,48.0,43.7,42.7,0.0011759393142604818
126.0,3.0,52.0,37.341091327481344,-75.74509846797966,-20.0,38.0,62.8,12.0,0.0010798571923310025
127.0,3.0,53.0,37.92969720298702,-75.31447771770056,-20.0,98.0,59.3,19.0,1.39066882607448e-15
128.0,3.0,53.0,37.92969720298702,-75.31447771770056,-20.0,88.0,116.1,33.3,3.0258758620679706e-08
129.0,3.0,53.0,37.92969720298702,-75.31447771770056,-20.0,78.0,27.4,36.5,9.754810325168292e-10
130.0,3.0,53.0,37.92969720298702,-75.31447771770056,-20.0,68.0,37.1,20.5,5.602902950780032e-07
131.0,3.0,53.0,37.92969720298702,-75.31447771770056,-20.0,58.0,56.1,45.7,0.0013861043856234702
132.0,3.0,53.0,37.92969720298702,-75.31447771770056,-20.0,48.0,75.1,21.1,0.002865422732401191
133.0,3.0,53.0,37.92969720298702,-75.31447771770056,-20.0,38.0,45.0,19.8,0.0013049431422819397
134.0,3.0,54.0,38.867448960600086,-75.05301738430151,-20.0,98.0,48.5,32.5,4.2985311038028263e-16
135.0,3.0,54.0,38.867448960600086,-75.05301738430151,-20.0,88.0,100.1,17.1,3.179562041814677e-11
136.0,3.0,54.0,38.867448960600086,-75.05301738430151,-20.0,78.0,86.7,43.7,6.819889645957464e-06
137.0,3.0,54.0,38.867448960600086,-75.05301738430151,-20.0,68.0,28.3,20.5,1.8052444329118209e-09
138.0,3.0,54.0,38.867448960600086,-75.05301738430151,-20.0,58.0,50.3,12.0,1.2160691118176814e-05
139.0,3.0,54.0,38.867448960600086,-75.05301738430151,-20.0,48.0,65.2,27.4,0.0023470874186324606
140.0,3.0,54.0,38.867448960600086,-75.05301738430151,-20.0,38.0,38.5,45.6,0.0010238935913121782
141.0,3.0,72.0,34.68667118478983,-76.88,0.0,88.0,42.3,31.2,2.2809968567043867e-09
142.0,3.0,72.0,34.68667118478983,-76.88,0.0,83.0,52.8,12.0,2.166541297608957e-07
143.0,3.0,72.0,34.68667118478983,-76.88,0.0,78.0,77.2,34.8,0.0004791729536669695
144.0,3.0,72.0,34.68667118478983,-76.88,0.0,73.0,132.9,25.8,0.00015307172088746313
145.0,3.0,72.0,34.68667118478983,-76.88,0.0,68.0,40.2,16.3,5.672423815814348e-06
146.0,3.0,72.0,34.68667118478983,-76.88,0.0,63.0,26.3,13.3,1.0384510087941435e-08
147.0,3.0,72.0,34.68667118478983,-76.88,0.0,58.0,29.3,38.1,4.461200981449179e-06
148.0,3.0,72.0,34.68667118478983,-76.88,0.0,53.0,55.4,21.1,0.007179171516805936
149.0,3.0,72.0,34.68667118478983,-76.88,0.0,48.0,51.3,47.6,0.0046401222154725825
150.0,3.0,72.0,34.68667118478983,-76.88,0.0,43.0,71.0,15.1,0.00456477584807822
151.0,3.0,72.0,34.68667118478983,-76.88,0.0,38.0,59.1,38.5,0.0010371829582834803
152.0,3.0,72.0,34.68667118478983,-76.88,0.0,33.0,98.5,34.8,0.0006984661818218164
153.0,3.0,72.0,34.68667118478983,-76.88,0.0,28.0,33.1,19.8,0.0003793799962835834
154.0,3.0,73.0,35.02001243330188,-76.10000000000001,0.0,88.0,52.9,27.3,1.6880998312051215e-07
155.0,3.0,73.0,35.02001243330188,-76.10000000000001,0.0,83.0,39.1,12.0,2.492728735953091e-09
156.0,3.0,73.0,35.02001243330188,-76.10000000000001,0.0,78.0,144.5,20.3,1.4882293420882624e-05
157.0,3.0,73.0,35.02001243330188,-76.10000000000001,0.0,73.0,48.7,46.4,2.277360535880744e-05
158.0,3.0,73.0,35.02001243330188,-76.10000000000001,0.0,68.0,79.2,28.9,0.00363133118037643
159.0,3.0,73.0,35.02001243330188,-76.10000000000001,0.0,63.0,26.6,27.6,1.1171310494154663e-08
160.0,3.0,73.0,35.02001243330188,-76.10000000000001,0.0,58.0,41.6,12.0,0.00024159086557060846
161.0,3.0,73.0,35.02001243330188,-76.10000000000001,0.0,53.0,87.4,12.0,0.0010730774732510948
162.0,3.0,73.0,35.02001243330188,-76.10000000000001,0.0,48.0,75.6,41.6,0.0028177833333747956
163.0,3.0,73.0,35.02001243330188,-76.10000000000001,0.0,43.0,39.0,33.2,0.001215537625662456
164.0,3.0,73.0,35.02001243330188,-76.10000000000001,0.0,38.0,25.0,12.7,6.507228768019584e-05
165.0,3.0,73.0,35.02001243330188,-76.10000000000001,0.0,33.0,49.7,12.0,0.0023005978120828924
166.0,3.0,73.0,35.02001243330188,-76.10000000000001,0.0,28.0,83.1,24.3,0.0023557202264123246
167.0,3.0,74.0,37.85127342143947,-75.44000000000003,0.0,88.0,93.2,27.9,2.587334626117121e-09
168.0,3.0,74.0,37.85127342143947,-75.44000000000003,0.0,83.0,59.0,31.0,1.4782509306116213e-08
169.0,3.0,74.0,37.85127342143947,-75.44000000000003,0.0,78.0,41.0,30.7,1.5248449718485652e-08
170.0,3.0,74.0,37.85127342143947,-75.44000000000003,0.0,73.0,63.5,12.0,1.974359300399981e-07
171.0,3.0,74.0,37.85127342143947,-75.44000000000003,0.0,68.0,40.2,15.9,1.7135847261373163e-07
172.0,3.0,74.0,37.85127342143947,-75.44000000000003,0.0,63.0,25.0,25.0,4.7037534068765885e-08
173.0,3.0,74.0,37.85127342143947,-75.44000000000003,0.0,58.0,68.5,46.6,0.002308583865100453
174.0,3.0,74.0,37.85127342143947,-75.44000000000003,0.0,53.0,113.9,25.3,0.001073650635030236
175.0,3.0,74.0,37.85127342143947,-75.44000000000003,0.0,48.0,77.7,20.9,0.0029347452954322133
176.0,3.0,74.0,37.85127342143947,-75.44000000000003,0.0,43.0,45.3,35.5,0.002183170700814032
177.0,3.0,74.0,37.85127342143947,-75.44000000000003,0.0,38.0,67.1,25.9,0.002100633603458108
178.0,3.0,74.0,37.85127342143947,-75.44000000000003,0.0,33.0,25.0,53.3,4.824985158773982e-05
179.0,3.0,74.0,37.85127342143947,-75.44000000000003,0.0,28.0,52.6,15.7,0.0006805770591043827
180.0,3.0,75.0,39.020991983314495,-74.77999999999999,0.0,88.0,51.4,24.2,3.0626440362683283e-12
181.0,3.0,75.0,39.020991983314495,-74.77999999999999,0.0,83.0,28.8,38.2,2.0157835944095667e-12
182.0,3.0,75.0,39.020991983314495,-74.77999999999999,0.0,78.0,139.9,32.2,1.9390493984314594e-07
183.0,3.0,75.0,39.020991983314495,-74.77999999999999,0.0,73.0,64.3,25.4,6.703438738265015e-07
184.0,3.0,75.0,39.020991983314495,-74.77999999999999,0.0,68.0,59.4,50.7,0.00020068040661797538
185.0,3.0,75.0,39.020991983314495,-74.77999999999999,0.0,63.0,72.8,12.0,6.866738135292324e-06
186.0,3.0,75.0,39.020991983314495,-74.77999999999999,0.0,58.0,37.7,14.2,7.438990809461826e-08
187.0,3.0,75.0,39.020991983314495,-74.77999999999999,0.0,53.0,42.1,40.5,0.00015510125103800708
188.0,3.0,75.0,39.020991983314495,-74.77999999999999,0.0,48.0,25.0,24.7,9.387206451412875e-09
189.0,3.0,75.0,39.020991983314495,-74.77999999999999,0.0,43.0,51.6,22.1,0.0011704090958404986
190.0,3.0,75.0,39.020991983314495,-74.77999999999999,0.0,38.0,92.4,32.2,0.0006645178398523614
191.0,3.0,75.0,39.020991983314495,-74.77999999999999,0.0,33.0,70.7,21.4,0.00035959105764283975
192.0,3.0,75.0,39.020991983314495,-74.77999999999999,0.0,28.0,39.1,35.9,0.0005992310425028071
193.0,3.0,107.0,36.5,-76.49925789672358,20.0,88.0,63.2,28.5,4.682067677343661e-08
194.0,3.0,107.0,36.5,-76.49925789672358,20.0,83.0,32.9,26.4,2.0119284094345842e-10
195.0,3.0,107.0,36.5,-76.49925789672358,20.0,78.0,139.9,29.0,1.6231509855797194e-05
196.0,3.0,107.0,36.5,-76.49925789672358,20.0,73.0,71.1,49.4,0.0001900322790686339
197.0,3.0,107.0,36.5,-76.49925789672358,20.0,68.0,59.6,12.0,2.2535364249191214e-05
198.0,3.0,107.0,36.5,-76.49925789672358,20.0,63.0,55.8,12.0,6.131680643692042e-05
199.0,3.0,107.0,36.5,-76.49925789672358,20.0,58.0,72.9,28.5,0.002364353800698794
200.0,3.0,107.0,36.5,-76.49925789672358,20.0,53.0,30.8,46.0,3.726461342065013e-05
201.0,3.0,107.0,36.5,-76.49925789672358,20.0,48.0,34.6,48.2,0.00028810392404101314
202.0,3.0,107.0,36.5,-76.49925789672358,20.0,43.0,88.1,20.6,0.00226780802038176
203.0,3.0,107.0,36.5,-76.49925789672358,20.0,38.0,25.4,17.0,0.0003177777938404657
204.0,3.0,107.0,36.5,-76.49925789672358,20.0,33.0,40.7,21.8,0.0013760222788289976
205.0,3.0,107.0,36.5,-76.49925789672358,20.0,28.0,58.5,34.6,0.000644040899692723
206.0,3.0,108.0,36.5,-75.78989477670864,20.0,88.0,58.9,33.0,7.196503497974411e-08
207.0,3.0,108.0,36.5,-75.78989477670864,20.0,83.0,103.9,35.5,1.1796474828470978e-05
208.0,3.0,108.0,36.5,-75.78989477670864,20.0,78.0,45.6,24.0,4.906444319007557e-07
209.0,3.0,108.0,36.5,-75.78989477670864,20.0,73.0,52.5,12.0,3.028052312109679e-06
210.0,3.0,108.0,36.5,-75.78989477670864,20.0,68.0,31.0,28.6,5.685012901283022e-07
211.0,3.0,108.0,36.5,-75.78989477670864,20.0,63.0,47.1,37.5,0.000277824381720875
212.0,3.0,108.0,36.5,-75.78989477670864,20.0,58.0,142.4,12.9,0.00010552442088115976
213.0,3.0,108.0,36.5,-75.78989477670864,20.0,53.0,69.3,17.3,0.0021353095844679508
214.0,3.0,108.0,36.5,-75.78989477670864,20.0,48.0,42.9,59.3,0.0007039552803228007
215.0,3.0,108.0,36.5,-75.78989477670864,20.0,43.0,26.8,12.0,0.0004304812937640426
216.0,3.0,108.0,36.5,-75.78989477670864,20.0,38.0,73.0,34.5,0.002487834979198273
217.0,3.0,108.0,36.5,-75.78989477670864,20.0,33.0,25.0,26.5,0.00016349970935333852
218.0,3.0,108.0,36.5,-75.78989477670864,20.0,28.0,55.0,33.0,0.0008027074436263813
219.0,3.0,109.0,36.5,-75.06976496146814,20.0,88.0,39.8,26.7,3.4774557744818558e-12
220.0,3.0,109.0,36.5,-75.06976496146814,20.0,83.0,75.5,18.1,2.0490466694321585e-08
221.0,3.0,109.0,36.5,-75.06976496146814,20.0,78.0,106.3,50.1,6.505262094241551e-05
222.0,3.0,109.0,36.5,-75.06976496146814,20.0,73.0,63.2,35.8,2.197513157288025e-05
223.0,3.0,109.0,36.5,-75.06976496146814,20.0,68.0,135.5,21.3,7.525266707407167e-05
224.0,3.0,109.0,36.5,-75.06976496146814,20.0,63.0,25.0,37.6,2.1695785011760117e-07
225.0,3.0,109.0,36.5,-75.06976496146814,20.0,58.0,48.2,12.0,2.46647563521624e-05
226.0,3.0,109.0,36.5,-75.06976496146814,20.0,53.0,53.9,27.4,0.0022742143726281008
227.0,3.0,109.0,36.5,-75.06976496146814,20.0,48.0,38.4,44.6,0.001853934801278221
228.0,3.0,109.0,36.5,-75.06976496146814,20.0,43.0,33.7,32.6,0.0014165275976727992
229.0,3.0,109.0,36.5,-75.06976496146814,20.0,38.0,79.5,33.5,0.0026122261507581118
230.0,3.0,109.0,36.5,-75.06976496146814,20.0,33.0,30.7,12.2,0.0005117158036401634
231.0,3.0,109.0,36.5,-75.06976496146814,20.0,28.0,39.6,28.9,0.0006625025287776118
232.0,3.0,110.0,36.5,-74.35983045417665,20.0,88.0,53.8,15.5,9.733872318255846e-12
233.0,3.0,110.0,36.5,-74.35983045417665,20.0,83.0,140.1,18.4,9.280089661797269e-08
234.0,3.0,110.0,36.5,-74.35983045417665,20.0,78.0,66.2,25.2,9.151405774425997e-07
235.0,3.0,110.0,36.5,-74.35983045417665,20.0,73.0,55.8,44.3,5.651648120678466e-05
236.0,3.0,110.0,36.5,-74.35983045417665,20.0,68.0,78.7,18.9,5.542713911350411e-05
237.0,3.0,110.0,36.5,-74.35983045417665,20.0,63.0,28.6,17.7,4.3524937160133487e-07
238.0,3.0,110.0,36.5,-74.35983045417665,20.0,58.0,33.4,43.7,0.00025686537642196283
239.0,3.0,110.0,36.5,-74.35983045417665,20.0,53.0,33.3,19.1,0.00010798371575308615
240.0,3.0,110.0,36.5,-74.35983045417665,20.0,48.0,50.8,32.8,0.00565666265659356
241.0,3.0,110.0,36.5,-74.35983045417665,20.0,43.0,100.1,35.3,0.0016502068500672572
242.0,3.0,110.0,36.5,-74.35983045417665,20.0,38.0,25.0,34.3,0.0006715029124685028
243.0,3.0,110.0,36.5,-74.35983045417665,20.0,33.0,74.5,12.0,0.0016061377482639691
244.0,3.0,110.0,36.5,-74.35983045417665,20.0,28.0,46.4,28.6,0.0013795879238846056
245.0,3.0,111.0,36.5,-73.6397384578369,20.0,88.0,43.5,18.4,5.447471529765063e-12
246.0,3.0,111.0,36.5,-73.6397384578369,20.0,83.0,103.9,19.4,4.068784376143173e-08
247.0,3.0,111.0,36.5,-73.6397384578369,20.0,78.0,25.5,42.4,4.641649650900763e-08
248.0,3.0,111.0,36.5,-73.6397384578369,20.0,73.0,94.9,35.7,0.00012237647426010568
249.0,3.0,111.0,36.5,-73.6397384578369,20.0,68.0,55.4,19.1,1.060442585967647e-05
250.0,3.0,111.0,36.5,-73.6397384578369,20.0,63.0,71.1,23.5,0.00034946937471027104
251.0,3.0,111.0,36.5,-73.6397384578369,20.0,58.0,86.0,51.6,0.0019479061524906754
252.0,3.0,111.0,36.5,-73.6397384578369,20.0,53.0,49.2,44.8,0.003951244358120296
253.0,3.0,111.0,36.5,-73.6397384578369,20.0,48.0,66.6,12.0,0.0014271240143265787
254.0,3.0,111.0,36.5,-73.6397384578369,20.0,43.0,25.0,12.0,0.0003105391755198661
255.0,3.0,111.0,36.5,-73.6397384578369,20.0,38.0,41.5,29.0,0.003556063595504952
256.0,3.0,111.0,36.5,-73.6397384578369,20.0,33.0,31.9,29.1,0.0016047818814175709
257.0,3.0,111.0,36.5,-73.6397384578369,20.0,28.0,71.4,27.5,0.0011876699428130816
258.0,3.0,112.0,36.5,-72.92997268996407,20.0,88.0,67.0,23.0,1.4026485855435777e-09
259.0,3.0,112.0,36.5,-72.92997268996407,20.0,83.0,85.5,16.2,2.0883308741722226e-08
260.0,3.0,112.0,36.5,-72.92997268996407,20.0,78.0,43.8,15.9,2.5343406655382536e-09
261.0,3.0,112.0,36.5,-72.92997268996407,20.0,73.0,62.0,49.1,0.0002921408030181304
262.0,3.0,112.0,36.5,-72.92997268996407,20.0,68.0,43.9,38.0,9.283531141591458e-05
263.0,3.0,112.0,36.5,-72.92997268996407,20.0,63.0,137.1,32.5,0.0002668033206888613
264.0,3.0,112.0,36.5,-72.92997268996407,20.0,58.0,27.8,31.3,9.671720188460749e-06
265.0,3.0,112.0,36.5,-72.92997268996407,20.0,53.0,27.5,25.9,1.154052696210136e-05
266.0,3.0,112.0,36.5,-72.92997268996407,20.0,48.0,47.5,28.5,0.0027404283096268585
267.0,3.0,112.0,36.5,-72.92997268996407,20.0,43.0,79.3,27.2,0.003819290184812998
268.0,3.0,112.0,36.5,-72.92997268996407,20.0,38.0,60.0,12.0,0.001984052372138788
269.0,3.0,112.0,36.5,-72.92997268996407,20.0,33.0,38.1,48.9,0.0009002240728982771
270.0,3.0,112.0,36.5,-72.92997268996407,20.0,28.0,44.7,18.5,0.0015584412250216001
271.0,3.0,125.0,36.5,-77.50940285855137,40.0,98.0,76.0,28.1,1.45059185261601e-10
272.0,3.0,125.0,36.5,-77.50940285855137,40.0,93.0,50.8,23.0,1.453227678783486e-10
273.0,3.0,125.0,36.5,-77.50940285855137,40.0,88.0,67.8,46.2,2.1494161880306295e-07
274.0,3.0,125.0,36.5,-77.50940285855137,40.0,83.0,88.8,20.1,5.924205485061126e-07
275.0,3.0,125.0,36.5,-77.50940285855137,40.0,78.0,139.3,30.1,3.4942508483569123e-06
276.0,3.0,125.0,36.5,-77.50940285855137,40.0,73.0,25.6,20.0,5.389261293165951e-10
277.0,3.0,125.0,36.5,-77.50940285855137,40.0,68.0,55.2,12.0,7.165463286120269e-06
278.0,3.0,125.0,36.5,-77.50940285855137,40.0,63.0,40.6,28.2,1.9467089687303105e-05
279.0,3.0,125.0,36.5,-77.50940285855137,40.0,58.0,35.4,35.0,2.8452784002877472e-05
280.0,3.0,125.0,36.5,-77.50940285855137,40.0,53.0,25.0,34.5,1.0344858682618562e-06
281.0,3.0,125.0,36.5,-77.50940285855137,40.0,48.0,61.1,35.0,0.0031861054037889656
282.0,3.0,125.0,36.5,-77.50940285855137,40.0,43.0,79.0,20.7,0.0016023933494635457
283.0,3.0,125.0,36.5,-77.50940285855137,40.0,38.0,47.4,26.7,0.002237685606669543
284.0,3.0,126.0,36.5,-76.63902520908567,40.0,98.0,91.9,32.6,2.288846190141443e-10
285.0,3.0,126.0,36.5,-76.63902520908567,40.0,93.0,45.1,34.9,1.8505421968281113e-11
286.0,3.0,126.0,36.5,-76.63902520908567,40.0,88.0,33.6,27.3,2.590067898396141e-12
287.0,3.0,126.0,36.5,-76.63902520908567,40.0,83.0,125.5,22.7,7.679322955395607e-07
288.0,3.0,126.0,36.5,-76.63902520908567,40.0,78.0,61.8,25.9,1.4223519710889479e-06
289.0,3.0,126.0,36.5,-76.63902520908567,40.0,73.0,60.8,29.7,1.4699374271818193e-05
290.0,3.0,126.0,36.5,-76.63902520908567,40.0,68.0,73.8,15.0,3.645516154641115e-05
291.0,3.0,126.0,36.5,-76.63902520908567,40.0,63.0,25.0,31.5,2.0992793955109542e-08
292.0,3.0,126.0,36.5,-76.63902520908567,40.0,58.0,25.0,31.4,1.2309061480694026e-07
293.0,3.0,126.0,36.5,-76.63902520908567,40.0,53.0,83.4,43.8,0.00242536223129331
294.0,3.0,126.0,36.5,-76.63902520908567,40.0,48.0,41.7,59.2,0.0005220656979709427
295.0,3.0,126.0,36.5,-76.63902520908567,40.0,43.0,35.2,12.0,0.000972325555096433
296.0,3.0,126.0,36.5,-76.63902520908567,40.0,38.0,63.0,47.4,0.0006237680100974266
297.0,3.0,127.0,36.5,-75.75931936339092,40.0,98.0,68.4,20.0,1.0279455478075374e-11
298.0,3.0,127.0,36.5,-75.75931936339092,40.0,93.0,132.2,21.6,6.564380910397023e-09
299.0,3.0,127.0,36.5,-75.75931936339092,40.0,88.0,55.2,37.3,1.5036802519168553e-08
300.0,3.0,127.0,36.5,-75.75931936339092,40.0,83.0,49.6,12.0,3.9429245951707195e-09
301.0,3.0,127.0,36.5,-75.75931936339092,40.0,78.0,40.1,50.4,2.2782965223197885e-07
302.0,3.0,127.0,36.5,-75.75931936339092,40.0,73.0,29.9,27.4,1.364389872541752e-08
303.0,3.0,127.0,36.5,-75.75931936339092,40.0,68.0,98.4,30.7,0.00024776812119433835
304.0,3.0,127.0,36.5,-75.75931936339092,40.0,63.0,60.2,16.8,0.00010826941366467565
305.0,3.0,127.0,36.5,-75.75931936339092,40.0,58.0,90.0,20.6,0.0007340811764950566
306.0,3.0,127.0,36.5,-75.75931936339092,40.0,53.0,34.3,12.9,1.6121073084083375e-05
307.0,3.0,127.0,36.5,-75.75931936339092,40.0,48.0,43.4,12.0,0.000320086829129218
308.0,3.0,127.0,36.5,-75.75931936339092,40.0,43.0,37.9,21.1,0.002066468966572204
309.0,3.0,127.0,36.5,-75.75931936339092,40.0,38.0,25.8,40.1,0.00013092278818516989
310.0,3.0,128.0,36.5,-74.87931148365142,40.0,98.0,92.2,40.0,4.112064762667901e-11
311.0,3.0,128.0,36.5,-74.87931148365142,40.0,93.0,43.9,26.6,1.2890076340155565e-13
312.0,3.0,128.0,36.5,-74.87931148365142,40.0,88.0,60.4,41.8,1.9973129335476193e-09
313.0,3.0,128.0,36.5,-74.87931148365142,40.0,83.0,74.6,17.6,3.802495155732544e-09
314.0,3.0,128.0,36.5,-74.87931148365142,40.0,78.0,67.3,38.8,1.4830616925649752e-06
315.0,3.0,128.0,36.5,-74.87931148365142,40.0,73.0,126.5,29.8,2.0635358532666407e-05
316.0,3.0,128.0,36.5,-74.87931148365142,40.0,68.0,61.5,12.0,8.154803666170295e-07
317.0,3.0,128.0,36.5,-74.87931148365142,40.0,63.0,30.3,38.6,2.407956318725523e-06
318.0,3.0,128.0,36.5,-74.87931148365142,40.0,58.0,26.1,42.0,5.3510832530157155e-06
319.0,3.0,128.0,36.5,-74.87931148365142,40.0,53.0,58.4,50.8,0.002400671971141685
320.0,3.0,128.0,36.5,-74.87931148365142,40.0,48.0,25.0,15.5,6.512304107215798e-06
321.0,3.0,128.0,36.5,-74.87931148365142,40.0,43.0,39.1,17.3,0.0017808863355296912
322.0,3.0,128.0,36.5,-74.87931148365142,40.0,38.0,73.1,25.7,0.002537475048793732
323.0,3.0,129.0,36.5,-74.00943343073261,40.0,98.0,60.5,27.0,9.714977695199369e-14
324.0,3.0,129.0,36.5,-74.00943343073261,40.0,93.0,70.8,45.8,3.479417306561403e-10
325.0,3.0,129.0,36.5,-74.00943343073261,40.0,88.0,121.2,22.3,2.2424480420069215e-09
326.0,3.0,129.0,36.5,-74.00943343073261,40.0,83.0,45.5,22.1,1.5425881512809283e-10
327.0,3.0,129.0,36.5,-74.00943343073261,40.0,78.0,25.3,34.0,6.84524840214592e-11
328.0,3.0,129.0,36.5,-74.00943343073261,40.0,73.0,69.9,15.1,5.695627844682461e-07
329.0,3.0,129.0,36.5,-74.00943343073261,40.0,68.0,50.0,53.5,0.00010753308618323519
330.0,3.0,129.0,36.5,-74.00943343073261,40.0,63.0,42.3,12.0,1.2717411772417095e-06
331.0,3.0,129.0,36.5,-74.00943343073261,40.0,58.0,47.8,37.6,0.0006412341742229175
332.0,3.0,129.0,36.5,-74.00943343073261,40.0,53.0,26.5,15.5,2.296742688561247e-06
333.0,3.0,129.0,36.5,-74.00943343073261,40.0,48.0,88.0,33.9,0.002528998218026768
334.0,3.0,129.0,36.5,-74.00943343073261,40.0,43.0,63.6,33.4,0.003390124800709363
335.0,3.0,129.0,36.5,-74.00943343073261,40.0,38.0,57.5,12.0,0.0018662159130323703
336.0,3.0,130.0,36.5,-73.12934690773554,40.0,98.0,103.7,12.0,3.095245010858812e-13
337.0,3.0,130.0,36.5,-73.12934690773554,40.0,93.0,86.7,31.4,7.917186228143223e-11
338.0,3.0,130.0,36.5,-73.12934690773554,40.0,88.0,46.5,12.0,9.364606825833297e-14
339.0,3.0,130.0,36.5,-73.12934690773554,40.0,83.0,40.0,25.4,1.179623013882055e-10
340.0,3.0,130.0,36.5,-73.12934690773554,40.0,78.0,61.0,36.0,1.6514139763514908e-06
341.0,3.0,130.0,36.5,-73.12934690773554,40.0,73.0,79.2,12.0,1.0426979781853713e-07
342.0,3.0,130.0,36.5,-73.12934690773554,40.0,68.0,27.9,34.8,3.5577998463816465e-07
343.0,3.0,130.0,36.5,-73.12934690773554,40.0,63.0,102.9,31.1,0.00034691781288340027
344.0,3.0,130.0,36.5,-73.12934690773554,40.0,58.0,55.6,19.1,9.224086222774763e-05
345.0,3.0,130.0,36.5,-73.12934690773554,40.0,53.0,41.7,33.4,0.0007244843933221645
346.0,3.0,130.0,36.5,-73.12934690773554,40.0,48.0,45.4,57.3,0.0008396711352257449
347.0,3.0,130.0,36.5,-73.12934690773554,40.0,43.0,52.8,32.2,0.00370928611338865
348.0,3.0,130.0,36.5,-73.12934690773554,40.0,38.0,26.1,14.2,0.0003142812808444222
349.0,2.0,9.0,39.20410012650304,-74.64703051513449,-60.0,78.0,125.1,65.1,3.497225286880504e-06
350.0,2.0,9.0,39.20410012650304,-74.64703051513449,-60.0,68.0,52.1,26.3,8.774972902687853e-06
351.0,2.0,9.0,39.20410012650304,-74.64703051513449,-60.0,58.0,55.8,60.7,0.0008931058216168031
352.0,2.0,9.0,39.20410012650304,-74.64703051513449,-60.0,48.0,56.8,24.7,0.00014668397725160228
353.0,2.0,9.0,39.20410012650304,-74.64703051513449,-60.0,38.0,29.2,42.5,0.0003105765509170426
354.0,2.0,9.0,39.20410012650304,-74.64703051513449,-60.0,28.0,93.4,36.7,2.0348716536986605e-06
355.0,2.0,10.0,39.65195829086494,-74.17007974654251,-60.0,78.0,50.9,36.0,4.326788391361035e-09
356.0,2.0,10.0,39.65195829086494,-74.17007974654251,-60.0,68.0,127.5,55.4,5.7965935386150295e-05
357.0,2.0,10.0,39.65195829086494,-74.17007974654251,-60.0,58.0,88.3,28.4,9.611872630402584e-05
358.0,2.0,10.0,39.65195829086494,-74.17007974654251,-60.0,48.0,67.2,64.0,6.646938261616715e-06
359.0,2.0,10.0,39.65195829086494,-74.17007974654251,-60.0,38.0,31.4,52.5,0.00018666886849666027
360.0,2.0,10.0,39.65195829086494,-74.17007974654251,-60.0,28.0,46.6,25.1,7.031671529081023e-05
361.0,2.0,11.0,40.21979730635832,-73.99954839618717,-60.0,78.0,125.4,43.3,4.729845856412393e-10
362.0,2.0,11.0,40.21979730635832,-73.99954839618717,-60.0,68.0,61.4,25.7,2.132855810862887e-06
363.0,2.0,11.0,40.21979730635832,-73.99954839618717,-60.0,58.0,68.6,62.4,0.0007520879577831463
364.0,2.0,11.0,40.21979730635832,-73.99954839618717,-60.0,48.0,39.4,53.0,5.46500327990434e-07
365.0,2.0,11.0,40.21979730635832,-73.99954839618717,-60.0,38.0,34.5,35.4,0.00010617826920387374
366.0,2.0,11.0,40.21979730635832,-73.99954839618717,-60.0,28.0,81.9,39.5,3.8790800171921106e-05
367.0,2.0,12.0,40.615981828062914,-73.42624684849879,-60.0,78.0,49.8,45.4,4.012350928402812e-08
368.0,2.0,12.0,40.615981828062914,-73.42624684849879,-60.0,68.0,139.2,47.5,1.2217581487547319e-06
369.0,2.0,12.0,40.615981828062914,-73.42624684849879,-60.0,58.0,79.0,31.2,0.00017241736734170421
370.0,2.0,12.0,40.615981828062914,-73.42624684849879,-60.0,48.0,74.6,67.5,9.953284662605688e-05
371.0,2.0,12.0,40.615981828062914,-73.42624684849879,-60.0,38.0,41.2,24.5,4.490979074548052e-05
372.0,2.0,12.0,40.615981828062914,-73.42624684849879,-60.0,28.0,33.8,64.0,4.741692815368212e-05
373.0,2.0,13.0,40.846281023876706,-72.4592220710798,-60.0,78.0,47.0,29.3,5.0022524168913965e-08
374.0,2.0,13.0,40.846281023876706,-72.4592220710798,-60.0,68.0,76.5,56.1,0.0001816939244689118
375.0,2.0,13.0,40.846281023876706,-72.4592220710798,-60.0,58.0,126.9,48.8,0.00010741906979131923
376.0,2.0,13.0,40.846281023876706,-72.4592220710798,-60.0,48.0,56.4,61.1,6.787707493077926e-05
377.0,2.0,13.0,40.846281023876706,-72.4592220710798,-60.0,38.0,79.9,26.7,0.0002667039153356715
378.0,2.0,13.0,40.846281023876706,-72.4592220710798,-60.0,28.0,29.6,52.0,8.126000406545264e-06
379.0,2.0,14.0,41.14533686330307,-71.6778011868591,-60.0,78.0,54.9,28.0,2.5345573727508094e-06
380.0,2.0,14.0,41.14533686330307,-71.6778011868591,-60.0,68.0,126.4,42.0,7.271183362836422e-06
381.0,2.0,14.0,41.14533686330307,-71.6778011868591,-60.0,58.0,79.4,65.1,0.0005791926745919618
382.0,2.0,14.0,41.14533686330307,-71.6778011868591,-60.0,48.0,48.0,57.7,3.722542250426458e-05
383.0,2.0,14.0,41.14533686330307,-71.6778011868591,-60.0,38.0,29.8,38.0,4.087880654739082e-08
384.0,2.0,14.0,41.14533686330307,-71.6778011868591,-60.0,28.0,76.4,32.4,0.00034973568455663815
385.0,2.0,15.0,41.35253058943765,-70.68888942908181,-60.0,78.0,66.2,59.7,3.931965980783643e-05
386.0,2.0,15.0,41.35253058943765,-70.68888942908181,-60.0,68.0,43.9,29.9,4.5403676902543856e-05
387.0,2.0,15.0,41.35253058943765,-70.68888942908181,-60.0,58.0,126.7,48.4,3.059105856283957e-05
388.0,2.0,15.0,41.35253058943765,-70.68888942908181,-60.0,48.0,80.7,23.1,0.00022495473497246099
389.0,2.0,15.0,41.35253058943765,-70.68888942908181,-60.0,38.0,32.8,62.1,9.8092690417461e-07
390.0,2.0,15.0,41.35253058943765,-70.68888942908181,-60.0,28.0,64.6,49.7,0.00022808824237879812
391.0,2.0,32.0,39.31444796757968,-74.50406159130843,-40.0,78.0,47.2,57.2,2.161243391809451e-06
392.0,2.0,32.0,39.31444796757968,-74.50406159130843,-40.0,68.0,130.4,42.4,3.743319066069716e-05
393.0,2.0,32.0,39.31444796757968,-74.50406159130843,-40.0,58.0,73.8,24.7,5.15033362997231e-05
394.0,2.0,32.0,39.31444796757968,-74.50406159130843,-40.0,48.0,26.0,44.5,9.212575154548946e-09
395.0,2.0,32.0,39.31444796757968,-74.50406159130843,-40.0,38.0,46.1,33.1,0.0008054587753886279
396.0,2.0,32.0,39.31444796757968,-74.50406159130843,-40.0,28.0,76.4,59.3,4.5060957947070733e-05
397.0,2.0,33.0,39.822599258829506,-74.08971699471009,-40.0,78.0,66.6,63.1,2.9857055881792838e-05
398.0,2.0,33.0,39.822599258829506,-74.08971699471009,-40.0,68.0,125.9,44.9,1.0265221358267143e-05
399.0,2.0,33.0,39.822599258829506,-74.08971699471009,-40.0,58.0,73.8,22.2,3.861386718529913e-05
400.0,2.0,33.0,39.822599258829506,-74.08971699471009,-40.0,48.0,43.7,38.4,3.1219993380229834e-05
401.0,2.0,33.0,39.822599258829506,-74.08971699471009,-40.0,38.0,29.4,68.3,1.1927541381900752e-05
402.0,2.0,33.0,39.822599258829506,-74.08971699471009,-40.0,28.0,77.7,50.5,0.0001931740211022658
403.0,2.0,34.0,40.54600866548589,-73.92300749972458,-40.0,78.0,66.7,60.6,5.122121114180368e-06
404.0,2.0,34.0,40.54600866548589,-73.92300749972458,-40.0,68.0,42.0,32.2,2.4982693873103748e-06
405.0,2.0,34.0,40.54600866548589,-73.92300749972458,-40.0,58.0,79.8,25.1,0.00012050922702261579
406.0,2.0,34.0,40.54600866548589,-73.92300749972458,-40.0,48.0,126.7,50.1,0.000897148436524507
407.0,2.0,34.0,40.54600866548589,-73.92300749972458,-40.0,38.0,32.6,65.0,2.6614859511160653e-05
408.0,2.0,34.0,40.54600866548589,-73.92300749972458,-40.0,28.0,63.3,50.5,0.0005127792288518528
409.0,2.0,35.0,40.66017111272729,-73.08569011712463,-40.0,78.0,44.1,28.3,5.329643871841632e-11
410.0,2.0,35.0,40.66017111272729,-73.08569011712463,-40.0,68.0,64.3,60.0,4.517784398234226e-05
411.0,2.0,35.0,40.66017111272729,-73.08569011712463,-40.0,58.0,125.3,50.6,0.0002939602251251083
412.0,2.0,35.0,40.66017111272729,-73.08569011712463,-40.0,48.0,67.5,54.7,0.0013043402647507363
413.0,2.0,35.0,40.66017111272729,-73.08569011712463,-40.0,38.0,79.3,24.2,0.00048286749098820636
414.0,2.0,35.0,40.66017111272729,-73.08569011712463,-40.0,28.0,32.9,58.2,4.7117534973447834e-05
415.0,2.0,36.0,40.877488567690406,-72.36725435927815,-40.0,78.0,45.6,25.4,5.8883786395512814e-08
416.0,2.0,36.0,40.877488567690406,-72.36725435927815,-40.0,68.0,62.5,62.1,0.0001926619376028139
417.0,2.0,36.0,40.877488567690406,-72.36725435927815,-40.0,58.0,125.9,60.9,0.0002680171387883048
418.0,2.0,36.0,40.877488567690406,-72.36725435927815,-40.0,48.0,93.6,30.1,0.0008802778702197088
419.0,2.0,36.0,40.877488567690406,-72.36725435927815,-40.0,38.0,29.9,55.1,8.018302240552078e-06
420.0,2.0,36.0,40.877488567690406,-72.36725435927815,-40.0,28.0,59.2,41.2,0.0006266991619142533
421.0,2.0,37.0,41.14310948117704,-71.70309671195055,-40.0,78.0,82.4,58.7,1.8671073654372645e-05
422.0,2.0,37.0,41.14310948117704,-71.70309671195055,-40.0,68.0,61.1,24.0,6.700790545188359e-05
423.0,2.0,37.0,41.14310948117704,-71.70309671195055,-40.0,58.0,43.8,59.5,0.00010757437318892522
424.0,2.0,37.0,41.14310948117704,-71.70309671195055,-40.0,48.0,128.3,35.9,0.00038142783555646803
425.0,2.0,37.0,41.14310948117704,-71.70309671195055,-40.0,38.0,31.2,29.4,1.7130489534203548e-07
426.0,2.0,37.0,41.14310948117704,-71.70309671195055,-40.0,28.0,70.4,48.1,0.0007862443204796099
427.0,2.0,38.0,41.47795436900725,-71.11667634762672,-40.0,78.0,51.9,23.2,8.142911116454202e-06
428.0,2.0,38.0,41.47795436900725,-71.11667634762672,-40.0,68.0,125.8,39.8,8.51195367803606e-06
429.0,2.0,38.0,41.47795436900725,-71.11667634762672,-40.0,58.0,45.4,54.6,2.3875383375297577e-05
430.0,2.0,38.0,41.47795436900725,-71.11667634762672,-40.0,48.0,80.9,68.9,0.000648637864743586
431.0,2.0,38.0,41.47795436900725,-71.11667634762672,-40.0,38.0,71.6,33.4,0.0005390985786535107
432.0,2.0,38.0,41.47795436900725,-71.11667634762672,-40.0,28.0,26.3,34.2,4.2780412751095675e-08
433.0,2.0,55.0,39.32425985543509,-74.48401648462774,-20.0,88.0,55.5,62.2,2.5643045119761377e-09
434.0,2.0,55.0,39.32425985543509,-74.48401648462774,-20.0,78.0,81.7,26.9,7.586441097206814e-10
435.0,2.0,55.0,39.32425985543509,-74.48401648462774,-20.0,68.0,125.8,50.3,6.935427010643426e-05
436.0,2.0,55.0,39.32425985543509,-74.48401648462774,-20.0,58.0,28.4,51.6,9.585544076728033e-07
437.0,2.0,55.0,39.32425985543509,-74.48401648462774,-20.0,48.0,48.2,29.3,6.982624214281257e-05
438.0,2.0,55.0,39.32425985543509,-74.48401648462774,-20.0,38.0,76.4,56.7,0.0005628743654894966
439.0,2.0,56.0,40.06470767657809,-74.04224518649188,-20.0,88.0,46.5,36.3,2.130432667169025e-12
440.0,2.0,56.0,40.06470767657809,-74.04224518649188,-20.0,78.0,130.0,42.3,1.5401896827556365e-09
441.0,2.0,56.0,40.06470767657809,-74.04224518649188,-20.0,68.0,50.5,67.6,0.0006093116286047199
442.0,2.0,56.0,40.06470767657809,-74.04224518649188,-20.0,58.0,72.7,23.5,8.286663955015484e-05
443.0,2.0,56.0,40.06470767657809,-74.04224518649188,-20.0,48.0,79.2,56.4,0.002115435394830897
444.0,2.0,56.0,40.06470767657809,-74.04224518649188,-20.0,38.0,36.3,43.6,0.00033518526353044274
445.0,2.0,57.0,40.57576898225218,-73.50901633763742,-20.0,88.0,60.3,44.9,4.301312907067155e-13
446.0,2.0,57.0,40.57576898225218,-73.50901633763742,-20.0,78.0,129.2,43.1,3.049985974889389e-10
447.0,2.0,57.0,40.57576898225218,-73.50901633763742,-20.0,68.0,43.1,28.9,1.3023291679948762e-06
448.0,2.0,57.0,40.57576898225218,-73.50901633763742,-20.0,58.0,75.2,62.7,0.002223482340696537
449.0,2.0,57.0,40.57576898225218,-73.50901633763742,-20.0,48.0,36.9,57.7,2.392674464995684e-05
450.0,2.0,57.0,40.57576898225218,-73.50901633763742,-20.0,38.0,72.4,27.5,0.0009872858454008531
451.0,2.0,58.0,40.75113715690612,-72.80105243615382,-20.0,88.0,43.2,37.8,6.553913152524912e-12
452.0,2.0,58.0,40.75113715690612,-72.80105243615382,-20.0,78.0,82.1,28.6,2.099680760831059e-08
453.0,2.0,58.0,40.75113715690612,-72.80105243615382,-20.0,68.0,65.6,63.9,0.0001000816552195374
454.0,2.0,58.0,40.75113715690612,-72.80105243615382,-20.0,58.0,127.7,52.4,0.00042727531430922266
455.0,2.0,58.0,40.75113715690612,-72.80105243615382,-20.0,48.0,28.8,64.1,9.946051300036821e-09
456.0,2.0,58.0,40.75113715690612,-72.80105243615382,-20.0,38.0,51.2,31.8,0.000548987859632842
457.0,2.0,59.0,40.96793907193585,-72.1238305695528,-20.0,88.0,58.5,33.8,2.432834785813884e-09
458.0,2.0,59.0,40.96793907193585,-72.1238305695528,-20.0,78.0,49.8,35.2,1.4543537259881117e-06
459.0,2.0,59.0,40.96793907193585,-72.1238305695528,-20.0,68.0,126.2,47.6,2.1715609441027285e-05
460.0,2.0,59.0,40.96793907193585,-72.1238305695528,-20.0,58.0,67.7,66.1,0.0021702547445623345
461.0,2.0,59.0,40.96793907193585,-72.1238305695528,-20.0,48.0,34.3,47.9,8.114979754162468e-06
462.0,2.0,59.0,40.96793907193585,-72.1238305695528,-20.0,38.0,80.3,28.9,0.0013448955459673107
463.0,2.0,60.0,41.31610333279783,-71.51412574716697,-20.0,88.0,66.7,56.3,7.268140411681917e-08
464.0,2.0,60.0,41.31610333279783,-71.51412574716697,-20.0,78.0,125.9,41.1,6.673271201461195e-08
465.0,2.0,60.0,41.31610333279783,-71.51412574716697,-20.0,68.0,34.2,26.5,9.930299688651234e-07
466.0,2.0,60.0,41.31610333279783,-71.51412574716697,-20.0,58.0,65.8,22.4,0.0005651065670845533
467.0,2.0,60.0,41.31610333279783,-71.51412574716697,-20.0,48.0,40.2,54.1,1.5915212322469254e-05
468.0,2.0,60.0,41.31610333279783,-71.51412574716697,-20.0,38.0,77.8,57.0,0.0015841728841569105
469.0,2.0,76.0,40.03423917651569,-74.04999999999998,0.0,78.0,74.4,38.3,5.174194441400486e-08
470.0,2.0,76.0,40.03423917651569,-74.04999999999998,0.0,73.0,89.4,79.3,3.826487320272348e-05
471.0,2.0,76.0,40.03423917651569,-74.04999999999998,0.0,68.0,111.7,14.0,2.3304252925936737e-09
472.0,2.0,76.0,40.03423917651569,-74.04999999999998,0.0,63.0,35.2,35.9,5.3442055195270525e-06
473.0,2.0,76.0,40.03423917651569,-74.04999999999998,0.0,58.0,61.8,50.2,0.0037056380758681957
474.0,2.0,76.0,40.03423917651569,-74.04999999999998,0.0,53.0,25.0,53.6,1.346253171432345e-07
475.0,2.0,76.0,40.03423917651569,-74.04999999999998,0.0,48.0,58.4,47.2,0.00247016431149896
476.0,2.0,76.0,40.03423917651569,-74.04999999999998,0.0,43.0,41.8,65.8,0.00010682642668468656
477.0,2.0,76.0,40.03423917651569,-74.04999999999998,0.0,38.0,126.4,47.2,9.26815344710525e-05
478.0,2.0,76.0,40.03423917651569,-74.04999999999998,0.0,33.0,52.2,19.3,0.0005123356768819335
479.0,2.0,76.0,40.03423917651569,-74.04999999999998,0.0,28.0,70.7,59.6,0.00030954571125803933
480.0,2.0,77.0,40.623435393088656,-73.30999999999999,0.0,78.0,57.8,75.0,4.43745158868398e-06
481.0,2.0,77.0,40.623435393088656,-73.30999999999999,0.0,73.0,60.5,31.8,1.2317155710402443e-07
482.0,2.0,77.0,40.623435393088656,-73.30999999999999,0.0,68.0,142.9,30.0,2.1147718563977894e-08
483.0,2.0,77.0,40.623435393088656,-73.30999999999999,0.0,63.0,35.9,33.2,1.0540589142300643e-05
484.0,2.0,77.0,40.623435393088656,-73.30999999999999,0.0,58.0,97.3,59.3,0.0015357222329165504
485.0,2.0,77.0,40.623435393088656,-73.30999999999999,0.0,53.0,60.3,29.3,0.0011052187044748296
486.0,2.0,77.0,40.623435393088656,-73.30999999999999,0.0,48.0,48.7,57.8,0.0006179222446027028
487.0,2.0,77.0,40.623435393088656,-73.30999999999999,0.0,43.0,97.8,38.9,0.0013973739522366072
488.0,2.0,77.0,40.623435393088656,-73.30999999999999,0.0,38.0,25.0,56.2,4.001775049949766e-06
489.0,2.0,77.0,40.623435393088656,-73.30999999999999,0.0,33.0,61.0,54.2,0.0013395933822316708
490.0,2.0,77.0,40.623435393088656,-73.30999999999999,0.0,28.0,60.2,17.7,0.00033124760762726253
491.0,2.0,78.0,40.81426368699976,-72.56999999999998,0.0,78.0,116.8,37.5,4.348370067850302e-08
492.0,2.0,78.0,40.81426368699976,-72.56999999999998,0.0,73.0,72.9,61.7,7.576646216662239e-05
493.0,2.0,78.0,40.81426368699976,-72.56999999999998,0.0,68.0,41.6,42.5,3.3704543019182315e-06
494.0,2.0,78.0,40.81426368699976,-72.56999999999998,0.0,63.0,75.8,20.9,2.971980515392924e-05
495.0,2.0,78.0,40.81426368699976,-72.56999999999998,0.0,58.0,56.4,68.5,0.0005125375634790912
496.0,2.0,78.0,40.81426368699976,-72.56999999999998,0.0,53.0,25.0,30.4,1.5629199935231584e-08
497.0,2.0,78.0,40.81426368699976,-72.56999999999998,0.0,48.0,45.4,29.5,0.00027486701904010286
498.0,2.0,78.0,40.81426368699976,-72.56999999999998,0.0,43.0,80.2,49.8,0.0018210475576679735
499.0,2.0,78.0,40.81426368699976,-72.56999999999998,0.0,38.0,132.5,45.2,0.0004895040446056666
500.0,2.0,78.0,40.81426368699976,-72.56999999999998,0.0,33.0,38.9,66.4,0.0001388586905944881
501.0,2.0,78.0,40.81426368699976,-72.56999999999998,0.0,28.0,60.9,40.1,0.0014941088972587875
502.0,2.0,79.0,41.08025902403535,-71.84000000000002,0.0,78.0,82.0,47.3,9.840764876272178e-06
503.0,2.0,79.0,41.08025902403535,-71.84000000000002,0.0,73.0,46.5,42.3,4.40167088570916e-05
504.0,2.0,79.0,41.08025902403535,-71.84000000000002,0.0,68.0,96.0,68.3,0.0003354735650291662
505.0,2.0,79.0,41.08025902403535,-71.84000000000002,0.0,63.0,73.5,18.0,8.171543247980441e-05
506.0,2.0,79.0,41.08025902403535,-71.84000000000002,0.0,58.0,130.1,31.9,5.767100050922667e-05
507.0,2.0,79.0,41.08025902403535,-71.84000000000002,0.0,53.0,33.5,14.0,3.354238087389558e-06
508.0,2.0,79.0,41.08025902403535,-71.84000000000002,0.0,48.0,94.0,44.8,0.004208384211790003
509.0,2.0,79.0,41.08025902403535,-71.84000000000002,0.0,43.0,28.3,55.1,3.8346184257896113e-07
510.0,2.0,79.0,41.08025902403535,-71.84000000000002,0.0,38.0,64.3,38.2,0.0017199846026658824
511.0,2.0,79.0,41.08025902403535,-71.84000000000002,0.0,33.0,58.2,66.4,0.0007200736637572523
512.0,2.0,79.0,41.08025902403535,-71.84000000000002,0.0,28.0,46.0,39.4,0.0003746360383503216
513.0,2.0,80.0,41.47745008299869,-71.10000000000001,0.0,78.0,71.5,26.1,6.647824159691534e-06
514.0,2.0,80.0,41.47745008299869,-71.10000000000001,0.0,73.0,75.9,55.8,9.793767629286644e-05
515.0,2.0,80.0,41.47745008299869,-71.10000000000001,0.0,68.0,140.0,49.9,1.2886210333665114e-06
516.0,2.0,80.0,41.47745008299869,-71.10000000000001,0.0,63.0,43.6,44.4,7.12939051071513e-05
517.0,2.0,80.0,41.47745008299869,-71.10000000000001,0.0,58.0,52.2,88.1,5.44335964160175e-05
518.0,2.0,80.0,41.47745008299869,-71.10000000000001,0.0,53.0,25.0,55.5,5.126457391646793e-10
519.0,2.0,80.0,41.47745008299869,-71.10000000000001,0.0,48.0,51.3,50.4,0.00030895576628189257
520.0,2.0,80.0,41.47745008299869,-71.10000000000001,0.0,43.0,83.3,68.7,0.0013041361262572224
521.0,2.0,80.0,41.47745008299869,-71.10000000000001,0.0,38.0,36.9,14.0,3.073025257271824e-06
522.0,2.0,80.0,41.47745008299869,-71.10000000000001,0.0,33.0,98.5,35.4,0.0021966820605517873
523.0,2.0,80.0,41.47745008299869,-71.10000000000001,0.0,28.0,62.2,37.7,0.0012292392746174484
524.0,2.0,98.0,39.0,-75.24946539397027,20.0,78.0,73.5,38.1,2.6727226244315603e-07
525.0,2.0,98.0,39.0,-75.24946539397027,20.0,73.0,85.5,82.2,2.693893146369852e-05
526.0,2.0,98.0,39.0,-75.24946539397027,20.0,68.0,83.4,32.1,3.528553839934539e-05
527.0,2.0,98.0,39.0,-75.24946539397027,20.0,63.0,50.3,55.1,0.0002699347899595501
528.0,2.0,98.0,39.0,-75.24946539397027,20.0,58.0,37.5,34.4,1.4675941916621329e-05
529.0,2.0,98.0,39.0,-75.24946539397027,20.0,53.0,136.6,39.1,0.0007430883076204297
530.0,2.0,98.0,39.0,-75.24946539397027,20.0,48.0,59.2,21.9,0.0009818699051447916
531.0,2.0,98.0,39.0,-75.24946539397027,20.0,43.0,27.7,48.7,0.0003528069559586288
532.0,2.0,98.0,39.0,-75.24946539397027,20.0,38.0,91.9,50.7,0.000614906847654719
533.0,2.0,98.0,39.0,-75.24946539397027,20.0,33.0,59.2,57.9,0.0005311815532175543
534.0,2.0,98.0,39.0,-75.24946539397027,20.0,28.0,44.8,34.7,0.0006621825248676848
535.0,2.0,99.0,39.0,-74.41993400032986,20.0,78.0,41.3,33.2,3.0056242927340376e-09
536.0,2.0,99.0,39.0,-74.41993400032986,20.0,73.0,68.5,61.4,0.00012417791277857272
537.0,2.0,99.0,39.0,-74.41993400032986,20.0,68.0,107.6,22.5,8.815490688381394e-07
538.0,2.0,99.0,39.0,-74.41993400032986,20.0,63.0,144.8,49.7,3.349644528038012e-05
539.0,2.0,99.0,39.0,-74.41993400032986,20.0,58.0,26.5,50.1,1.5048080183866539e-06
540.0,2.0,99.0,39.0,-74.41993400032986,20.0,53.0,69.8,16.6,0.00019640022252984986
541.0,2.0,99.0,39.0,-74.41993400032986,20.0,48.0,57.6,39.5,0.0033653697875902396
542.0,2.0,99.0,39.0,-74.41993400032986,20.0,43.0,40.5,77.1,1.2912365979781165e-05
543.0,2.0,99.0,39.0,-74.41993400032986,20.0,38.0,50.2,47.0,0.0014731183864643753
544.0,2.0,99.0,39.0,-74.41993400032986,20.0,33.0,41.0,38.9,0.0014721705420120015
545.0,2.0,99.0,39.0,-74.41993400032986,20.0,28.0,99.8,49.1,7.373794267473851e-05
546.0,2.0,100.0,39.0,-73.5999633965658,20.0,78.0,70.0,33.9,1.1682078898122071e-07
547.0,2.0,100.0,39.0,-73.5999633965658,20.0,73.0,36.3,59.8,5.058439222201893e-06
548.0,2.0,100.0,39.0,-73.5999633965658,20.0,68.0,144.1,51.6,1.4884818202695124e-05
549.0,2.0,100.0,39.0,-73.5999633965658,20.0,63.0,73.3,22.4,1.0761252353386591e-05
550.0,2.0,100.0,39.0,-73.5999633965658,20.0,58.0,70.3,55.8,0.004963215732196515
551.0,2.0,100.0,39.0,-73.5999633965658,20.0,53.0,43.5,39.0,0.00023375816356554862
552.0,2.0,100.0,39.0,-73.5999633965658,20.0,48.0,59.7,59.8,0.0023913924828205734
553.0,2.0,100.0,39.0,-73.5999633965658,20.0,43.0,25.0,41.0,0.00013525231254693702
554.0,2.0,100.0,39.0,-73.5999633965658,20.0,38.0,103.1,42.1,0.0005156882041777621
555.0,2.0,100.0,39.0,-73.5999633965658,20.0,33.0,49.8,73.7,0.0001239700631359597
556.0,2.0,100.0,39.0,-73.5999633965658,20.0,28.0,61.1,23.1,0.000717148784191874
557.0,2.0,101.0,39.0,-72.76990351173791,20.0,78.0,77.3,31.7,1.7334771526616172e-08
558.0,2.0,101.0,39.0,-72.76990351173791,20.0,73.0,61.7,65.2,0.0003604213484995643
559.0,2.0,101.0,39.0,-72.76990351173791,20.0,68.0,33.1,42.3,6.005196704823961e-07
560.0,2.0,101.0,39.0,-72.76990351173791,20.0,63.0,137.9,48.7,0.00010706369357917032
561.0,2.0,101.0,39.0,-72.76990351173791,20.0,58.0,61.8,26.8,6.918811443026114e-05
562.0,2.0,101.0,39.0,-72.76990351173791,20.0,53.0,93.2,58.5,0.0013643252868552583
563.0,2.0,101.0,39.0,-72.76990351173791,20.0,48.0,101.5,23.3,0.0014830205099966973
564.0,2.0,101.0,39.0,-72.76990351173791,20.0,43.0,42.0,14.0,0.0005732453747420079
565.0,2.0,101.0,39.0,-72.76990351173791,20.0,38.0,48.2,45.8,0.0022699265254617173
566.0,2.0,101.0,39.0,-72.76990351173791,20.0,33.0,61.2,48.2,0.0017963130701852768
567.0,2.0,101.0,39.0,-72.76990351173791,20.0,28.0,33.2,83.6,9.927118242229268e-05
568.0,2.0,102.0,39.0,-71.95025923299433,20.0,78.0,60.3,43.8,5.983907255782838e-08
569.0,2.0,102.0,39.0,-71.95025923299433,20.0,73.0,96.1,33.1,4.7172739203393146e-08
570.0,2.0,102.0,39.0,-71.95025923299433,20.0,68.0,56.6,72.9,0.0007755055680246865
571.0,2.0,102.0,39.0,-71.95025923299433,20.0,63.0,145.2,43.5,2.3481080216413052e-05
572.0,2.0,102.0,39.0,-71.95025923299433,20.0,58.0,32.2,54.5,0.00016939293611191274
573.0,2.0,102.0,39.0,-71.95025923299433,20.0,53.0,31.1,24.3,2.4490509179452423e-07
574.0,2.0,102.0,39.0,-71.95025923299433,20.0,48.0,89.6,50.8,0.0026853144501978645
575.0,2.0,102.0,39.0,-71.95025923299433,20.0,43.0,35.2,39.1,0.0007252858588193889
576.0,2.0,102.0,39.0,-71.95025923299433,20.0,38.0,85.0,14.0,0.000910339080542061
577.0,2.0,102.0,39.0,-71.95025923299433,20.0,33.0,57.4,45.7,0.0026056737373941724
578.0,2.0,102.0,39.0,-71.95025923299433,20.0,28.0,56.6,46.3,0.0017887617103764673
579.0,2.0,103.0,39.0,-71.1202245299893,20.0,78.0,44.3,34.5,3.6636113095933185e-09
580.0,2.0,103.0,39.0,-71.1202245299893,20.0,73.0,78.1,32.6,4.300932761751574e-07
581.0,2.0,103.0,39.0,-71.1202245299893,20.0,68.0,138.6,64.8,7.064398715759994e-06
582.0,2.0,103.0,39.0,-71.1202245299893,20.0,63.0,64.8,61.2,0.002202719940263577
583.0,2.0,103.0,39.0,-71.1202245299893,20.0,58.0,111.4,28.9,0.00011479180540528956
584.0,2.0,103.0,39.0,-71.1202245299893,20.0,53.0,29.5,48.6,4.054426065401972e-05
585.0,2.0,103.0,39.0,-71.1202245299893,20.0,48.0,57.9,29.0,0.0025392591897844524
586.0,2.0,103.0,39.0,-71.1202245299893,20.0,43.0,50.0,52.5,0.0018394025338303378
587.0,2.0,103.0,39.0,-71.1202245299893,20.0,38.0,41.8,59.9,0.0010463138119111422
588.0,2.0,103.0,39.0,-71.1202245299893,20.0,33.0,40.6,14.0,0.0006313520386530709
589.0,2.0,103.0,39.0,-71.1202245299893,20.0,28.0,95.1,51.5,0.00019431104021615098
590.0,2.0,104.0,39.0,-70.30029564620177,20.0,78.0,67.9,56.6,1.734442428852082e-06
591.0,2.0,104.0,39.0,-70.30029564620177,20.0,73.0,141.4,37.2,2.548302659161475e-07
592.0,2.0,104.0,39.0,-70.30029564620177,20.0,68.0,58.0,25.6,2.446683044822892e-06
593.0,2.0,104.0,39.0,-70.30029564620177,20.0,63.0,31.6,55.4,2.1402491407009396e-05
594.0,2.0,104.0,39.0,-70.30029564620177,20.0,58.0,78.5,44.2,0.0025028261649157543
595.0,2.0,104.0,39.0,-70.30029564620177,20.0,53.0,33.1,42.6,0.0001254908560387763
596.0,2.0,104.0,39.0,-70.30029564620177,20.0,48.0,39.0,14.0,3.0891790711474845e-05
597.0,2.0,104.0,39.0,-70.30029564620177,20.0,43.0,83.1,16.6,0.0024216587695107096
598.0,2.0,104.0,39.0,-70.30029564620177,20.0,38.0,53.5,50.0,0.0030925883223269896
599.0,2.0,104.0,39.0,-70.30029564620177,20.0,33.0,55.1,59.6,0.002372768856385218
600.0,2.0,104.0,39.0,-70.30029564620177,20.0,28.0,100.5,54.4,0.0002614658853339311
601.0,2.0,105.0,39.0,-69.47066872222439,20.0,78.0,68.4,48.0,2.943080894131835e-07
602.0,2.0,105.0,39.0,-69.47066872222439,20.0,73.0,127.7,59.7,4.308583196423682e-06
603.0,2.0,105.0,39.0,-69.47066872222439,20.0,68.0,66.6,22.5,4.7474392441600765e-07
604.0,2.0,105.0,39.0,-69.47066872222439,20.0,63.0,66.4,55.7,0.0012058720986930914
605.0,2.0,105.0,39.0,-69.47066872222439,20.0,58.0,62.1,77.8,0.00044174275066310043
606.0,2.0,105.0,39.0,-69.47066872222439,20.0,53.0,56.2,24.2,0.00045850719959238166
607.0,2.0,105.0,39.0,-69.47066872222439,20.0,48.0,32.3,53.4,0.0001594931039443568
608.0,2.0,105.0,39.0,-69.47066872222439,20.0,43.0,38.3,28.2,0.0001690841424558189
609.0,2.0,105.0,39.0,-69.47066872222439,20.0,38.0,61.8,62.6,0.0022333608562654372
610.0,2.0,105.0,39.0,-69.47066872222439,20.0,33.0,99.6,37.0,0.001524018714554007
611.0,2.0,105.0,39.0,-69.47066872222439,20.0,28.0,52.3,46.9,0.003051609640517411
612.0,2.0,106.0,39.0,-68.64036826042731,20.0,78.0,117.9,24.8,1.3653599633110517e-09
613.0,2.0,106.0,39.0,-68.64036826042731,20.0,73.0,60.6,50.9,3.101511639954382e-05
614.0,2.0,106.0,39.0,-68.64036826042731,20.0,68.0,36.2,27.9,1.068611238807185e-06
615.0,2.0,106.0,39.0,-68.64036826042731,20.0,63.0,57.5,36.2,0.00030866058009711383
616.0,2.0,106.0,39.0,-68.64036826042731,20.0,58.0,73.7,28.5,0.0006667795908306382
617.0,2.0,106.0,39.0,-68.64036826042731,20.0,53.0,50.3,58.6,0.0016106617684101088
618.0,2.0,106.0,39.0,-68.64036826042731,20.0,48.0,93.0,56.9,0.003290299203388467
619.0,2.0,106.0,39.0,-68.64036826042731,20.0,43.0,125.7,34.1,0.0010022493047315293
620.0,2.0,106.0,39.0,-68.64036826042731,20.0,38.0,27.1,62.1,1.0365306234128811e-05
621.0,2.0,106.0,39.0,-68.64036826042731,20.0,33.0,57.4,26.8,0.0030588378884074353
622.0,2.0,106.0,39.0,-68.64036826042731,20.0,28.0,51.0,61.9,0.0010817439493933081
623.0,2.0,119.0,39.0,-75.24910988841766,40.0,88.0,65.5,31.2,2.5361484850134163e-13
624.0,2.0,119.0,39.0,-75.24910988841766,40.0,83.0,93.6,43.2,9.027871083886949e-09
625.0,2.0,119.0,39.0,-75.24910988841766,40.0,78.0,75.8,60.5,1.512334031371388e-06
626.0,2.0,119.0,39.0,-75.24910988841766,40.0,73.0,45.9,44.6,1.1593156542909513e-07
627.0,2.0,119.0,39.0,-75.24910988841766,40.0,68.0,45.0,88.5,6.873120950564403e-06
628.0,2.0,119.0,39.0,-75.24910988841766,40.0,63.0,128.7,56.0,0.00019926613429316792
629.0,2.0,119.0,39.0,-75.24910988841766,40.0,58.0,97.7,29.4,0.00028510655568595984
630.0,2.0,119.0,39.0,-75.24910988841766,40.0,53.0,29.1,50.4,9.638024398174937e-06
631.0,2.0,119.0,39.0,-75.24910988841766,40.0,48.0,45.7,14.0,1.6501478942735264e-05
632.0,2.0,119.0,39.0,-75.24910988841766,40.0,43.0,65.8,52.8,0.0004925738734168259
633.0,2.0,119.0,39.0,-75.24910988841766,40.0,38.0,51.6,33.6,0.0011215182668192227
634.0,2.0,120.0,39.0,-74.2389069639119,40.0,88.0,69.4,38.9,7.493418355193511e-13
635.0,2.0,120.0,39.0,-74.2389069639119,40.0,83.0,136.5,57.0,5.327860587421518e-10
636.0,2.0,120.0,39.0,-74.2389069639119,40.0,78.0,47.4,14.0,3.171000205130418e-13
637.0,2.0,120.0,39.0,-74.2389069639119,40.0,73.0,63.8,78.7,5.884633842246417e-05
638.0,2.0,120.0,39.0,-74.2389069639119,40.0,68.0,59.7,44.9,3.901973901459206e-05
639.0,2.0,120.0,39.0,-74.2389069639119,40.0,63.0,33.5,28.6,2.2161002644026155e-07
640.0,2.0,120.0,39.0,-74.2389069639119,40.0,58.0,33.7,55.9,3.852121454493946e-05
641.0,2.0,120.0,39.0,-74.2389069639119,40.0,53.0,102.3,41.0,0.0012553370136113426
642.0,2.0,120.0,39.0,-74.2389069639119,40.0,48.0,53.9,40.7,0.0020356193028323983
643.0,2.0,120.0,39.0,-74.2389069639119,40.0,43.0,72.5,17.3,0.0006182372074362073
644.0,2.0,120.0,39.0,-74.2389069639119,40.0,38.0,63.9,66.9,0.00010419381658784328
645.0,2.0,121.0,39.0,-73.21927081182514,40.0,88.0,105.2,33.0,1.5351818913138087e-12
646.0,2.0,121.0,39.0,-73.21927081182514,40.0,83.0,67.1,58.9,3.9280713646614936e-07
647.0,2.0,121.0,39.0,-73.21927081182514,40.0,78.0,45.7,35.7,1.9086856363770382e-09
648.0,2.0,121.0,39.0,-73.21927081182514,40.0,73.0,50.4,52.6,2.0484628586373107e-05
649.0,2.0,121.0,39.0,-73.21927081182514,40.0,68.0,32.8,75.7,2.4704043623695523e-05
650.0,2.0,121.0,39.0,-73.21927081182514,40.0,63.0,125.7,37.6,4.527486124377263e-05
651.0,2.0,121.0,39.0,-73.21927081182514,40.0,58.0,67.6,20.5,9.702538271158416e-06
652.0,2.0,121.0,39.0,-73.21927081182514,40.0,53.0,28.4,30.9,6.969915056889799e-07
653.0,2.0,121.0,39.0,-73.21927081182514,40.0,48.0,84.7,49.4,0.002842639070303573
654.0,2.0,121.0,39.0,-73.21927081182514,40.0,43.0,87.7,69.1,0.0001544180777424259
655.0,2.0,121.0,39.0,-73.21927081182514,40.0,38.0,54.1,54.1,0.0009003066002088525
656.0,2.0,122.0,39.0,-72.20954907431613,40.0,88.0,146.2,44.1,9.416424532658603e-12
657.0,2.0,122.0,39.0,-72.20954907431613,40.0,83.0,53.6,26.7,2.60882136197365e-12
658.0,2.0,122.0,39.0,-72.20954907431613,40.0,78.0,63.4,70.6,2.6825377148210853e-05
659.0,2.0,122.0,39.0,-72.20954907431613,40.0,73.0,66.8,36.1,1.1259790807272752e-07
660.0,2.0,122.0,39.0,-72.20954907431613,40.0,68.0,86.6,14.0,1.28633032370129e-09
661.0,2.0,122.0,39.0,-72.20954907431613,40.0,63.0,25.0,28.3,2.0197855689364458e-10
662.0,2.0,122.0,39.0,-72.20954907431613,40.0,58.0,62.8,43.8,0.0021091315016452277
663.0,2.0,122.0,39.0,-72.20954907431613,40.0,53.0,43.3,29.5,5.052747513594559e-05
664.0,2.0,122.0,39.0,-72.20954907431613,40.0,48.0,115.4,43.6,0.0011362511149390169
665.0,2.0,122.0,39.0,-72.20954907431613,40.0,43.0,31.7,58.8,0.0001690670479780983
666.0,2.0,122.0,39.0,-72.20954907431613,40.0,38.0,68.2,45.2,0.0017668012590535069
667.0,2.0,123.0,39.0,-71.19962135183489,40.0,88.0,74.7,58.4,8.399485126230836e-10
668.0,2.0,123.0,39.0,-71.19962135183489,40.0,83.0,47.5,35.2,3.412665561565998e-11
669.0,2.0,123.0,39.0,-71.19962135183489,40.0,78.0,136.2,39.6,9.598213990776803e-10
670.0,2.0,123.0,39.0,-71.19962135183489,40.0,73.0,37.5,72.9,4.0709072443167736e-05
671.0,2.0,123.0,39.0,-71.19962135183489,40.0,68.0,92.3,32.5,2.587048339604866e-06
672.0,2.0,123.0,39.0,-71.19962135183489,40.0,63.0,26.8,34.4,8.259814667311786e-08
673.0,2.0,123.0,39.0,-71.19962135183489,40.0,58.0,53.7,47.0,0.0017652271988929827
674.0,2.0,123.0,39.0,-71.19962135183489,40.0,53.0,76.3,28.4,0.0009769259998655964
675.0,2.0,123.0,39.0,-71.19962135183489,40.0,48.0,104.9,58.0,0.00023676581153015102
676.0,2.0,123.0,39.0,-71.19962135183489,40.0,43.0,53.2,52.3,0.0014699881230158874
677.0,2.0,123.0,39.0,-71.19962135183489,40.0,38.0,40.2,14.0,0.0004159977706956683
678.0,2.0,124.0,39.0,-70.18975385988108,40.0,88.0,158.0,61.6,4.228521951956735e-12
679.0,2.0,124.0,39.0,-70.18975385988108,40.0,83.0,46.2,51.4,3.8568005862071734e-10
680.0,2.0,124.0,39.0,-70.18975385988108,40.0,78.0,62.4,48.8,6.717845823004586e-08
681.0,2.0,124.0,39.0,-70.18975385988108,40.0,73.0,50.6,16.0,1.877163546434957e-10
682.0,2.0,124.0,39.0,-70.18975385988108,40.0,68.0,90.5,17.2,4.0569790402713554e-08
683.0,2.0,124.0,39.0,-70.18975385988108,40.0,63.0,69.6,45.2,0.0002295880241965923
684.0,2.0,124.0,39.0,-70.18975385988108,40.0,58.0,62.0,80.3,0.0001405074592126842
685.0,2.0,124.0,39.0,-70.18975385988108,40.0,53.0,29.2,71.2,1.3037601404739583e-05
686.0,2.0,124.0,39.0,-70.18975385988108,40.0,48.0,26.7,33.9,8.264172583338096e-06
687.0,2.0,124.0,39.0,-70.18975385988108,40.0,43.0,105.4,56.3,0.0007011707650478014
688.0,2.0,124.0,39.0,-70.18975385988108,40.0,38.0,50.8,45.5,0.0018885200726734817
689.0,1.0,16.0,41.67140465292091,-69.9404702564174,-60.0,68.0,152.7,57.6,4.495323791644672e-06
690.0,1.0,16.0,41.67140465292091,-69.9404702564174,-60.0,58.0,51.4,36.3,0.00029774269146312014
691.0,1.0,16.0,41.67140465292091,-69.9404702564174,-60.0,48.0,74.6,66.4,4.80501106999522e-05
692.0,1.0,16.0,41.67140465292091,-69.9404702564174,-60.0,38.0,95.1,34.8,0.0006148911219829179
693.0,1.0,16.0,41.67140465292091,-69.9404702564174,-60.0,28.0,35.6,65.8,5.068073024359819e-07
694.0,1.0,17.0,42.65854147842496,-70.6100901859979,-60.0,68.0,53.3,47.8,8.556743682582655e-07
695.0,1.0,17.0,42.65854147842496,-70.6100901859979,-60.0,58.0,151.4,52.8,0.00018923348193063746
696.0,1.0,17.0,42.65854147842496,-70.6100901859979,-60.0,48.0,88.8,33.2,0.0002420205033723388
697.0,1.0,17.0,42.65854147842496,-70.6100901859979,-60.0,38.0,83.5,69.8,0.00017777220376898035
698.0,1.0,17.0,42.65854147842496,-70.6100901859979,-60.0,28.0,28.4,50.8,5.745982536419149e-11
699.0,1.0,18.0,43.31540823689126,-70.54930090532567,-60.0,68.0,49.9,59.6,1.5690762725151028e-06
700.0,1.0,18.0,43.31540823689126,-70.54930090532567,-60.0,58.0,154.1,45.5,0.0002780427925381699
701.0,1.0,18.0,43.31540823689126,-70.54930090532567,-60.0,48.0,78.3,34.6,1.6926553262713638e-08
702.0,1.0,18.0,43.31540823689126,-70.54930090532567,-60.0,38.0,91.6,68.2,0.00025527688553562646
703.0,1.0,18.0,43.31540823689126,-70.54930090532567,-60.0,28.0,35.5,29.5,2.8751077714170362e-08
704.0,1.0,19.0,43.71906911271292,-69.8833313784746,-60.0,68.0,69.1,65.7,6.188289262444136e-08
705.0,1.0,19.0,43.71906911271292,-69.8833313784746,-60.0,58.0,150.9,60.7,2.866070549089142e-06
706.0,1.0,19.0,43.71906911271292,-69.8833313784746,-60.0,48.0,97.9,36.8,0.00016461998521824048
707.0,1.0,19.0,43.71906911271292,-69.8833313784746,-60.0,38.0,32.8,60.0,1.0724287760049715e-06
708.0,1.0,19.0,43.71906911271292,-69.8833313784746,-60.0,28.0,53.5,34.3,3.422804809962685e-06
709.0,1.0,20.0,44.01752171415675,-68.96973893948602,-60.0,68.0,151.9,44.3,4.1314552059135505e-08
710.0,1.0,20.0,44.01752171415675,-68.96973893948602,-60.0,58.0,51.9,60.3,0.0002156970688059358
711.0,1.0,20.0,44.01752171415675,-68.96973893948602,-60.0,48.0,78.1,32.8,3.004065839817984e-07
712.0,1.0,20.0,44.01752171415675,-68.96973893948602,-60.0,38.0,92.0,67.4,0.00014797532766122094
713.0,1.0,20.0,44.01752171415675,-68.96973893948602,-60.0,28.0,36.2,32.2,3.883064940667557e-07
714.0,1.0,21.0,44.326161188194185,-68.0860253473507,-60.0,68.0,79.3,60.9,6.910698395023323e-05
715.0,1.0,21.0,44.326161188194185,-68.0860253473507,-60.0,58.0,152.7,52.6,0.0001017406401019767
716.0,1.0,21.0,44.326161188194185,-68.0860253473507,-60.0,48.0,47.9,36.9,1.662355177552796e-05
717.0,1.0,21.0,44.326161188194185,-68.0860253473507,-60.0,38.0,39.8,71.3,1.314119353507786e-07
718.0,1.0,21.0,44.326161188194185,-68.0860253473507,-60.0,28.0,90.6,27.7,0.00011550073971247717
719.0,1.0,22.0,43.71938416185325,-65.01855560214696,-60.0,68.0,53.8,50.9,4.948249996965326e-05
720.0,1.0,22.0,43.71938416185325,-65.01855560214696,-60.0,58.0,153.7,49.1,6.494623806701143e-05
721.0,1.0,22.0,43.71938416185325,-65.01855560214696,-60.0,48.0,86.0,30.7,5.548664175801932e-05
722.0,1.0,22.0,43.71938416185325,-65.01855560214696,-60.0,38.0,88.2,68.1,0.000728904923478699
723.0,1.0,22.0,43.71938416185325,-65.01855560214696,-60.0,28.0,29.7,43.6,9.246705333675005e-09
724.0,1.0,23.0,44.166998820788265,-64.44928053355186,-60.0,68.0,49.9,60.6,2.3595570470184285e-05
725.0,1.0,23.0,44.166998820788265,-64.44928053355186,-60.0,58.0,150.2,45.6,7.537719165733564e-05
726.0,1.0,23.0,44.166998820788265,-64.44928053355186,-60.0,48.0,79.4,36.3,0.00010913171890972257
727.0,1.0,23.0,44.166998820788265,-64.44928053355186,-60.0,38.0,92.6,70.6,0.0006088682143464185
728.0,1.0,23.0,44.166998820788265,-64.44928053355186,-60.0,28.0,37.6,28.3,9.507977059670583e-09
729.0,1.0,24.0,44.47436069676422,-63.56058020988428,-60.0,68.0,52.3,61.6,2.763553033677176e-05
730.0,1.0,24.0,44.47436069676422,-63.56058020988428,-60.0,58.0,150.3,42.2,5.412174309527971e-05
731.0,1.0,24.0,44.47436069676422,-63.56058020988428,-60.0,48.0,76.8,33.5,0.0001151339145485175
732.0,1.0,24.0,44.47436069676422,-63.56058020988428,-60.0,38.0,95.7,66.8,0.0004319253537235515
733.0,1.0,24.0,44.47436069676422,-63.56058020988428,-60.0,28.0,35.6,33.7,3.274053943698208e-07
734.0,1.0,39.0,41.32953684750454,-69.98867843789102,-40.0,68.0,51.2,49.0,0.0005972943417571313
735.0,1.0,39.0,41.32953684750454,-69.98867843789102,-40.0,58.0,151.8,49.4,3.5458977529579104e-05
736.0,1.0,39.0,41.32953684750454,-69.98867843789102,-40.0,48.0,86.0,31.4,0.00031253315888898155
737.0,1.0,39.0,41.32953684750454,-69.98867843789102,-40.0,38.0,85.3,68.1,0.0005548689079511122
738.0,1.0,39.0,41.32953684750454,-69.98867843789102,-40.0,28.0,26.5,50.0,3.039181592116949e-07
739.0,1.0,40.0,42.96419612393136,-70.77480554119465,-40.0,68.0,151.4,43.8,1.7380095438397465e-06
740.0,1.0,40.0,42.96419612393136,-70.77480554119465,-40.0,58.0,77.2,35.1,0.0007863709436529077
741.0,1.0,40.0,42.96419612393136,-70.77480554119465,-40.0,48.0,49.8,62.2,2.4393305084958454e-08
742.0,1.0,40.0,42.96419612393136,-70.77480554119465,-40.0,38.0,37.0,30.5,1.6982754967032298e-07
743.0,1.0,40.0,42.96419612393136,-70.77480554119465,-40.0,28.0,93.1,67.6,0.00010644333257981713
744.0,1.0,41.0,43.49464360855017,-70.31972390560773,-40.0,68.0,54.4,63.8,2.146372176470391e-06
745.0,1.0,41.0,43.49464360855017,-70.31972390560773,-40.0,58.0,150.7,40.1,0.00010058705525975188
746.0,1.0,41.0,43.49464360855017,-70.31972390560773,-40.0,48.0,70.2,29.5,4.1146455739447613e-07
747.0,1.0,41.0,43.49464360855017,-70.31972390560773,-40.0,38.0,94.4,60.6,0.0008860152591400922
748.0,1.0,41.0,43.49464360855017,-70.31972390560773,-40.0,28.0,34.6,39.7,1.0023859244604713e-07
749.0,1.0,42.0,43.8034433047185,-69.61227036559941,-40.0,68.0,51.3,34.1,1.729809859117763e-08
750.0,1.0,42.0,43.8034433047185,-69.61227036559941,-40.0,58.0,150.5,59.1,1.1369567328774594e-07
751.0,1.0,42.0,43.8034433047185,-69.61227036559941,-40.0,48.0,73.7,65.0,9.268213621423388e-06
752.0,1.0,42.0,43.8034433047185,-69.61227036559941,-40.0,38.0,96.5,34.0,0.0010421383199358614
753.0,1.0,42.0,43.8034433047185,-69.61227036559941,-40.0,28.0,35.8,63.1,1.0912200668383733e-06
754.0,1.0,43.0,44.017595294794376,-68.8042961328886,-40.0,68.0,51.2,36.5,3.556426659869578e-07
755.0,1.0,43.0,44.017595294794376,-68.8042961328886,-40.0,58.0,150.9,55.1,3.618733343092694e-05
756.0,1.0,43.0,44.017595294794376,-68.8042961328886,-40.0,48.0,77.7,63.8,0.0013233060410895766
757.0,1.0,43.0,44.017595294794376,-68.8042961328886,-40.0,38.0,94.0,30.2,0.0010503477053011368
758.0,1.0,43.0,44.017595294794376,-68.8042961328886,-40.0,28.0,36.8,66.7,6.608282437350605e-07
759.0,1.0,44.0,44.32484597486187,-68.1024963740405,-40.0,68.0,67.5,65.9,4.2425648389833755e-05
760.0,1.0,44.0,44.32484597486187,-68.1024963740405,-40.0,58.0,152.0,64.6,0.00011412948736625887
761.0,1.0,44.0,44.32484597486187,-68.1024963740405,-40.0,48.0,100.6,38.8,0.00038855253084351727
762.0,1.0,44.0,44.32484597486187,-68.1024963740405,-40.0,38.0,53.9,31.8,3.201740500271377e-05
763.0,1.0,44.0,44.32484597486187,-68.1024963740405,-40.0,28.0,34.2,57.0,3.303755992824291e-09
764.0,1.0,45.0,44.59695744169119,-67.35165916565704,-40.0,68.0,51.3,65.3,1.965091910660376e-06
765.0,1.0,45.0,44.59695744169119,-67.35165916565704,-40.0,58.0,150.2,42.5,0.00011622996268493897
766.0,1.0,45.0,44.59695744169119,-67.35165916565704,-40.0,48.0,75.8,35.7,0.0013908656550858235
767.0,1.0,45.0,44.59695744169119,-67.35165916565704,-40.0,38.0,95.1,67.5,0.0011505786945901287
768.0,1.0,45.0,44.59695744169119,-67.35165916565704,-40.0,28.0,37.4,34.4,1.453694786350425e-09
769.0,1.0,46.0,43.65570691552996,-65.20088829867096,-40.0,68.0,48.3,35.5,5.004465625805965e-05
770.0,1.0,46.0,43.65570691552996,-65.20088829867096,-40.0,58.0,150.9,54.5,0.0001282937326105894
771.0,1.0,46.0,43.65570691552996,-65.20088829867096,-40.0,48.0,79.1,60.9,0.0026287285632661155
772.0,1.0,46.0,43.65570691552996,-65.20088829867096,-40.0,38.0,41.7,71.1,4.1610715280652826e-05
773.0,1.0,46.0,43.65570691552996,-65.20088829867096,-40.0,28.0,90.6,28.8,0.0005643830030705161
774.0,1.0,47.0,44.05192388755397,-64.59922212462212,-40.0,68.0,52.2,65.1,2.4434299713151978e-05
775.0,1.0,47.0,44.05192388755397,-64.59922212462212,-40.0,58.0,151.3,41.5,0.00011787037895703523
776.0,1.0,47.0,44.05192388755397,-64.59922212462212,-40.0,48.0,70.8,30.1,0.0003763046447092026
777.0,1.0,47.0,44.05192388755397,-64.59922212462212,-40.0,38.0,91.7,60.6,0.00205135452502846
778.0,1.0,47.0,44.05192388755397,-64.59922212462212,-40.0,28.0,36.3,40.6,6.971752203699824e-07
779.0,1.0,48.0,44.459960253503894,-64.0136059014146,-40.0,68.0,49.7,60.7,2.4780138621840677e-05
780.0,1.0,48.0,44.459960253503894,-64.0136059014146,-40.0,58.0,152.9,45.3,6.617396144777818e-05
781.0,1.0,48.0,44.459960253503894,-64.0136059014146,-40.0,48.0,78.3,34.2,0.0005358933110091506
782.0,1.0,48.0,44.459960253503894,-64.0136059014146,-40.0,38.0,90.7,67.5,0.0015887975479945673
783.0,1.0,48.0,44.459960253503894,-64.0136059014146,-40.0,28.0,38.2,29.2,2.469413826687281e-09
784.0,1.0,49.0,44.669693170223724,-63.191616666231184,-40.0,68.0,48.3,60.2,4.8825576513974005e-05
785.0,1.0,49.0,44.669693170223724,-63.191616666231184,-40.0,58.0,80.5,35.6,0.0014127766690410588
786.0,1.0,49.0,44.669693170223724,-63.191616666231184,-40.0,48.0,150.6,46.6,6.765908142211835e-05
787.0,1.0,49.0,44.669693170223724,-63.191616666231184,-40.0,38.0,88.7,69.2,0.0009722647494039586
788.0,1.0,49.0,44.669693170223724,-63.191616666231184,-40.0,28.0,40.2,28.6,1.9148990656907736e-06
789.0,1.0,61.0,41.33110430050628,-70.72654642608808,-20.0,78.0,51.6,35.6,2.23366406114524e-05
790.0,1.0,61.0,41.33110430050628,-70.72654642608808,-20.0,68.0,76.2,65.7,0.0006684064743095199
791.0,1.0,61.0,41.33110430050628,-70.72654642608808,-20.0,58.0,154.3,53.9,3.959016983850934e-06
792.0,1.0,61.0,41.33110430050628,-70.72654642608808,-20.0,48.0,92.7,33.4,0.002208563903233741
793.0,1.0,61.0,41.33110430050628,-70.72654642608808,-20.0,38.0,35.7,64.1,1.4610826007101033e-05
794.0,1.0,62.0,41.493076397533535,-70.02733361019837,-20.0,78.0,48.7,36.9,1.6437186992268826e-05
795.0,1.0,62.0,41.493076397533535,-70.02733361019837,-20.0,68.0,150.4,51.5,1.0020387936318393e-06
796.0,1.0,62.0,41.493076397533535,-70.02733361019837,-20.0,58.0,78.7,64.9,0.0034907902014235615
797.0,1.0,62.0,41.493076397533535,-70.02733361019837,-20.0,48.0,86.8,32.3,0.001430453035635738
798.0,1.0,62.0,41.493076397533535,-70.02733361019837,-20.0,38.0,39.7,66.0,1.1116564595522015e-05
799.0,1.0,63.0,43.57205579426464,-70.19136317299191,-20.0,78.0,62.9,35.1,7.123777347034801e-16
800.0,1.0,63.0,43.57205579426464,-70.19136317299191,-20.0,68.0,102.9,57.2,9.71969227360616e-09
801.0,1.0,63.0,43.57205579426464,-70.19136317299191,-20.0,58.0,150.5,30.2,1.0173856939908769e-05
802.0,1.0,63.0,43.57205579426464,-70.19136317299191,-20.0,48.0,57.9,71.7,2.0185385309099876e-07
803.0,1.0,63.0,43.57205579426464,-70.19136317299191,-20.0,38.0,32.8,48.3,7.629775643249645e-06
804.0,1.0,64.0,43.83910890417741,-69.4596396301038,-20.0,78.0,52.0,64.3,8.587198010222638e-17
805.0,1.0,64.0,43.83910890417741,-69.4596396301038,-20.0,68.0,75.0,35.1,7.474348987443783e-10
806.0,1.0,64.0,43.83910890417741,-69.4596396301038,-20.0,58.0,150.6,40.9,1.0446821470850438e-07
807.0,1.0,64.0,43.83910890417741,-69.4596396301038,-20.0,48.0,97.0,66.6,0.0007650085424467682
808.0,1.0,64.0,43.83910890417741,-69.4596396301038,-20.0,38.0,37.0,35.3,4.023562575094588e-05
809.0,1.0,65.0,44.003696176433145,-68.67148045623944,-20.0,78.0,50.6,62.5,1.246682226818313e-13
810.0,1.0,65.0,44.003696176433145,-68.67148045623944,-20.0,68.0,150.0,44.8,4.70729622719437e-09
811.0,1.0,65.0,44.003696176433145,-68.67148045623944,-20.0,58.0,78.3,35.2,5.0666400280956356e-05
812.0,1.0,65.0,44.003696176433145,-68.67148045623944,-20.0,48.0,91.5,68.6,0.0008506001754379348
813.0,1.0,65.0,44.003696176433145,-68.67148045623944,-20.0,38.0,39.2,32.9,3.694762062282236e-05
814.0,1.0,66.0,44.37471013536235,-67.99232816051446,-20.0,78.0,51.0,36.3,4.301103404573904e-09
815.0,1.0,66.0,44.37471013536235,-67.99232816051446,-20.0,68.0,77.9,63.4,5.964557353728818e-05
816.0,1.0,66.0,44.37471013536235,-67.99232816051446,-20.0,58.0,151.6,54.9,0.00016143852396668349
817.0,1.0,66.0,44.37471013536235,-67.99232816051446,-20.0,48.0,94.1,30.1,0.0002692026491512924
818.0,1.0,66.0,44.37471013536235,-67.99232816051446,-20.0,38.0,37.2,67.2,8.80110635864391e-07
819.0,1.0,67.0,44.6161014518334,-67.25301315564114,-20.0,78.0,50.9,36.3,6.575571350043302e-09
820.0,1.0,67.0,44.6161014518334,-67.25301315564114,-20.0,68.0,78.8,66.0,2.7316390243435888e-05
821.0,1.0,67.0,44.6161014518334,-67.25301315564114,-20.0,58.0,152.7,52.7,0.00010316257439547651
822.0,1.0,67.0,44.6161014518334,-67.25301315564114,-20.0,48.0,37.0,66.3,0.00012985794022427467
823.0,1.0,67.0,44.6161014518334,-67.25301315564114,-20.0,38.0,90.7,33.5,0.001999906705221096
824.0,1.0,68.0,43.57337867161706,-65.86224942889329,-20.0,78.0,59.2,69.2,2.1965359820350036e-06
825.0,1.0,68.0,43.57337867161706,-65.86224942889329,-20.0,68.0,165.9,50.0,4.105346984731188e-05
826.0,1.0,68.0,43.57337867161706,-65.86224942889329,-20.0,58.0,33.7,49.2,9.30745466622171e-05
827.0,1.0,68.0,43.57337867161706,-65.86224942889329,-20.0,48.0,93.2,48.5,0.002007249671963525
828.0,1.0,68.0,43.57337867161706,-65.86224942889329,-20.0,38.0,58.0,29.4,0.0005393499778849878
829.0,1.0,69.0,43.70460564633747,-65.06231625806868,-20.0,78.0,52.0,61.4,1.8169457872048298e-06
830.0,1.0,69.0,43.70460564633747,-65.06231625806868,-20.0,68.0,150.6,43.4,7.631563565464873e-05
831.0,1.0,69.0,43.70460564633747,-65.06231625806868,-20.0,58.0,94.7,67.2,0.0018341582400277663
832.0,1.0,69.0,43.70460564633747,-65.06231625806868,-20.0,48.0,36.3,31.6,4.586932376213226e-05
833.0,1.0,69.0,43.70460564633747,-65.06231625806868,-20.0,38.0,77.7,33.7,0.0025088002003389393
834.0,1.0,70.0,44.17225694929833,-64.4411292990732,-20.0,78.0,49.2,60.5,6.142534524334746e-07
835.0,1.0,70.0,44.17225694929833,-64.4411292990732,-20.0,68.0,80.9,34.8,0.0006542603828155692
836.0,1.0,70.0,44.17225694929833,-64.4411292990732,-20.0,58.0,150.0,48.1,0.00033108055879325194
837.0,1.0,70.0,44.17225694929833,-64.4411292990732,-20.0,48.0,86.9,67.6,0.000871482816583711
838.0,1.0,70.0,44.17225694929833,-64.4411292990732,-20.0,38.0,42.2,31.6,6.029565666964415e-06
839.0,1.0,71.0,44.45938064627777,-63.7147815247514,-20.0,78.0,37.6,67.3,2.0176588789884886e-09
840.0,1.0,71.0,44.45938064627777,-63.7147815247514,-20.0,68.0,156.2,54.8,4.022180547079734e-05
841.0,1.0,71.0,44.45938064627777,-63.7147815247514,-20.0,58.0,92.0,32.5,0.001007435776373663
842.0,1.0,71.0,44.45938064627777,-63.7147815247514,-20.0,48.0,76.6,65.0,0.0022267487432644927
843.0,1.0,71.0,44.45938064627777,-63.7147815247514,-20.0,38.0,49.2,37.0,7.282010840149123e-05
844.0,1.0,81.0,41.32386472257861,-70.30146339894142,0.0,68.0,88.9,43.1,0.00012727134298706413
845.0,1.0,81.0,41.32386472257861,-70.30146339894142,0.0,63.0,54.6,49.0,0.0012857897099866791
846.0,1.0,81.0,41.32386472257861,-70.30146339894142,0.0,58.0,153.7,53.9,1.8554885105289282e-05
847.0,1.0,81.0,41.32386472257861,-70.30146339894142,0.0,53.0,32.3,60.1,8.602102690754087e-06
848.0,1.0,81.0,41.32386472257861,-70.30146339894142,0.0,48.0,86.2,51.8,0.003936640286281927
849.0,1.0,81.0,41.32386472257861,-70.30146339894142,0.0,43.0,74.0,73.2,0.0010773630002074682
850.0,1.0,81.0,41.32386472257861,-70.30146339894142,0.0,38.0,70.1,18.1,0.0017445077377353485
851.0,1.0,81.0,41.32386472257861,-70.30146339894142,0.0,33.0,43.6,43.1,0.00027499023770980813
852.0,1.0,81.0,41.32386472257861,-70.30146339894142,0.0,28.0,103.6,42.4,0.0018554870580091603
853.0,1.0,82.0,43.83656317619938,-69.48,0.0,68.0,63.5,50.8,1.7664395205679678e-10
854.0,1.0,82.0,43.83656317619938,-69.48,0.0,63.0,83.8,62.2,9.849457871811357e-08
855.0,1.0,82.0,43.83656317619938,-69.48,0.0,58.0,156.2,46.0,6.314370509707478e-08
856.0,1.0,82.0,43.83656317619938,-69.48,0.0,53.0,28.3,58.4,4.821219805153392e-07
857.0,1.0,82.0,43.83656317619938,-69.48,0.0,48.0,80.5,24.6,1.2060349470384883e-05
858.0,1.0,82.0,43.83656317619938,-69.48,0.0,43.0,43.3,33.2,0.00022578036296317782
859.0,1.0,82.0,43.83656317619938,-69.48,0.0,38.0,49.5,64.2,0.0007445623613847795
860.0,1.0,82.0,43.83656317619938,-69.48,0.0,33.0,104.1,54.8,0.0012745949287279548
861.0,1.0,82.0,43.83656317619938,-69.48,0.0,28.0,61.3,59.9,0.00024199425061360183
862.0,1.0,83.0,44.00538328318277,-68.65999999999998,0.0,68.0,71.8,59.7,2.6544296459165085e-07
863.0,1.0,83.0,44.00538328318277,-68.65999999999998,0.0,63.0,162.1,50.3,3.84333490746271e-07
864.0,1.0,83.0,44.00538328318277,-68.65999999999998,0.0,58.0,57.7,72.2,0.00012382876132183802
865.0,1.0,83.0,44.00538328318277,-68.65999999999998,0.0,53.0,48.5,31.5,0.0001971537037262869
866.0,1.0,83.0,44.00538328318277,-68.65999999999998,0.0,48.0,32.2,52.6,0.00015240834846470328
867.0,1.0,83.0,44.00538328318277,-68.65999999999998,0.0,43.0,99.7,26.5,0.0007030242135927214
868.0,1.0,83.0,44.00538328318277,-68.65999999999998,0.0,38.0,71.7,38.2,0.002941477824523497
869.0,1.0,83.0,44.00538328318277,-68.65999999999998,0.0,33.0,105.2,58.9,0.0009508269746458328
870.0,1.0,83.0,44.00538328318277,-68.65999999999998,0.0,28.0,51.0,58.1,6.856636555506444e-05
871.0,1.0,84.0,44.430079440352024,-67.85000000000001,0.0,68.0,80.3,58.6,3.544763861713163e-05
872.0,1.0,84.0,44.430079440352024,-67.85000000000001,0.0,63.0,56.9,47.8,5.553959987115216e-05
873.0,1.0,84.0,44.430079440352024,-67.85000000000001,0.0,58.0,106.6,69.7,0.00029459950841247536
874.0,1.0,84.0,44.430079440352024,-67.85000000000001,0.0,53.0,153.3,48.9,0.0001642834316677498
875.0,1.0,84.0,44.430079440352024,-67.85000000000001,0.0,48.0,31.7,41.5,5.690603552523659e-05
876.0,1.0,84.0,44.430079440352024,-67.85000000000001,0.0,43.0,99.8,34.2,0.002320376738745261
877.0,1.0,84.0,44.430079440352024,-67.85000000000001,0.0,38.0,42.5,72.7,8.577453639398812e-06
878.0,1.0,84.0,44.430079440352024,-67.85000000000001,0.0,33.0,54.3,27.0,3.1671105295552465e-05
879.0,1.0,84.0,44.430079440352024,-67.85000000000001,0.0,28.0,72.8,57.4,0.0005020166570916991
880.0,1.0,85.0,44.75616395285129,-67.04,0.0,68.0,84.8,30.2,1.8648274347972225e-05
881.0,1.0,85.0,44.75616395285129,-67.04,0.0,63.0,52.4,50.9,8.966478570094516e-05
882.0,1.0,85.0,44.75616395285129,-67.04,0.0,58.0,154.0,46.5,0.00020866246989850227
883.0,1.0,85.0,44.75616395285129,-67.04,0.0,53.0,102.7,54.4,0.0012669347148582663
884.0,1.0,85.0,44.75616395285129,-67.04,0.0,48.0,78.0,34.6,0.0015186921532917958
885.0,1.0,85.0,44.75616395285129,-67.04,0.0,43.0,82.9,71.5,0.0030448448295745585
886.0,1.0,85.0,44.75616395285129,-67.04,0.0,38.0,35.7,38.0,8.074005654406976e-07
887.0,1.0,85.0,44.75616395285129,-67.04,0.0,33.0,38.2,78.6,5.680598740596946e-07
888.0,1.0,85.0,44.75616395285129,-67.04,0.0,28.0,58.8,48.4,0.00015462266627146542
889.0,1.0,86.0,44.08890927687513,-66.22000000000001,0.0,68.0,79.2,25.2,5.9639554345482525e-05
890.0,1.0,86.0,44.08890927687513,-66.22000000000001,0.0,63.0,150.9,47.6,0.00017682533860716954
891.0,1.0,86.0,44.08890927687513,-66.22000000000001,0.0,58.0,79.9,67.5,0.000986175528535437
892.0,1.0,86.0,44.08890927687513,-66.22000000000001,0.0,53.0,52.0,45.9,0.0011473359824742074
893.0,1.0,86.0,44.08890927687513,-66.22000000000001,0.0,48.0,45.3,82.7,0.00015928963148761934
894.0,1.0,86.0,44.08890927687513,-66.22000000000001,0.0,43.0,33.1,43.2,6.016778379952422e-06
895.0,1.0,86.0,44.08890927687513,-66.22000000000001,0.0,38.0,98.4,59.2,0.0035027679943384076
896.0,1.0,86.0,44.08890927687513,-66.22000000000001,0.0,33.0,98.7,39.7,0.0032224041444096348
897.0,1.0,86.0,44.08890927687513,-66.22000000000001,0.0,28.0,57.0,52.7,0.000246790324999994
898.0,1.0,87.0,43.5034595315382,-65.40999999999998,0.0,68.0,103.6,67.9,0.00019704515574202894
899.0,1.0,87.0,43.5034595315382,-65.40999999999998,0.0,63.0,70.5,28.5,0.00031805177237850617
900.0,1.0,87.0,43.5034595315382,-65.40999999999998,0.0,58.0,53.8,53.3,0.00272541019307501
901.0,1.0,87.0,43.5034595315382,-65.40999999999998,0.0,53.0,162.9,40.4,7.75139912713689e-05
902.0,1.0,87.0,43.5034595315382,-65.40999999999998,0.0,48.0,32.1,51.6,0.00047279541162218694
903.0,1.0,87.0,43.5034595315382,-65.40999999999998,0.0,43.0,97.0,42.4,0.004517633095375746
904.0,1.0,87.0,43.5034595315382,-65.40999999999998,0.0,38.0,55.7,65.2,0.0017659894491599863
905.0,1.0,87.0,43.5034595315382,-65.40999999999998,0.0,33.0,48.9,28.8,0.00015963729474196257
906.0,1.0,87.0,43.5034595315382,-65.40999999999998,0.0,28.0,79.4,56.4,0.0016040958593961866
907.0,1.0,88.0,44.051142636670924,-64.60000000000001,0.0,68.0,83.2,56.4,0.00019304738818674315
908.0,1.0,88.0,44.051142636670924,-64.60000000000001,0.0,63.0,50.2,44.3,0.00036635823997258337
909.0,1.0,88.0,44.051142636670924,-64.60000000000001,0.0,58.0,168.1,43.2,9.809463105178975e-05
910.0,1.0,88.0,44.051142636670924,-64.60000000000001,0.0,53.0,80.3,28.0,0.0009069453831075022
911.0,1.0,88.0,44.051142636670924,-64.60000000000001,0.0,48.0,42.4,78.5,0.0007515759575201983
912.0,1.0,88.0,44.051142636670924,-64.60000000000001,0.0,43.0,58.8,67.4,0.003323742670384672
913.0,1.0,88.0,44.051142636670924,-64.60000000000001,0.0,38.0,103.9,61.4,0.002387886647150494
914.0,1.0,88.0,44.051142636670924,-64.60000000000001,0.0,33.0,36.5,38.3,5.604637992725385e-06
915.0,1.0,88.0,44.051142636670924,-64.60000000000001,0.0,28.0,70.9,42.0,0.0014363060985466986
916.0,1.0,89.0,44.47326388295714,-63.77999999999999,0.0,68.0,75.8,61.4,0.00013594704683408238
917.0,1.0,89.0,44.47326388295714,-63.77999999999999,0.0,63.0,83.0,41.1,0.0011662632399172296
918.0,1.0,89.0,44.47326388295714,-63.77999999999999,0.0,58.0,170.3,51.8,0.00014588248132868197
919.0,1.0,89.0,44.47326388295714,-63.77999999999999,0.0,53.0,47.9,45.8,0.0025190476686343726
920.0,1.0,89.0,44.47326388295714,-63.77999999999999,0.0,48.0,26.2,53.2,0.0001484969524012613
921.0,1.0,89.0,44.47326388295714,-63.77999999999999,0.0,43.0,64.0,24.9,0.00019252398413335397
922.0,1.0,89.0,44.47326388295714,-63.77999999999999,0.0,38.0,101.0,44.3,0.004856836390322334
923.0,1.0,89.0,44.47326388295714,-63.77999999999999,0.0,33.0,75.3,74.3,0.001495874666262548
924.0,1.0,89.0,44.47326388295714,-63.77999999999999,0.0,28.0,49.5,56.1,5.001945416509662e-05
925.0,1.0,90.0,41.5,-72.25038432080403,20.0,68.0,50.2,40.8,2.520675130562004e-05
926.0,1.0,90.0,41.5,-72.25038432080403,20.0,63.0,93.7,36.9,5.282072730863916e-05
927.0,1.0,90.0,41.5,-72.25038432080403,20.0,58.0,65.6,77.6,0.0010676470754870848
928.0,1.0,90.0,41.5,-72.25038432080403,20.0,53.0,161.6,47.3,3.060347595676859e-05
929.0,1.0,90.0,41.5,-72.25038432080403,20.0,48.0,56.9,54.2,0.0018591472239464085
930.0,1.0,90.0,41.5,-72.25038432080403,20.0,43.0,29.8,54.6,9.495450409602852e-06
931.0,1.0,90.0,41.5,-72.25038432080403,20.0,38.0,71.6,19.9,0.0009079594612962247
932.0,1.0,90.0,41.5,-72.25038432080403,20.0,33.0,92.5,61.0,0.0009159281052889724
933.0,1.0,90.0,41.5,-72.25038432080403,20.0,28.0,59.3,59.6,0.0005527866681571908
934.0,1.0,91.0,41.5,-71.30028228800916,20.0,68.0,89.5,40.0,5.6854833347595454e-05
935.0,1.0,91.0,41.5,-71.30028228800916,20.0,63.0,60.4,47.2,0.000972272861860763
936.0,1.0,91.0,41.5,-71.30028228800916,20.0,58.0,30.9,54.4,2.2133399778292932e-06
937.0,1.0,91.0,41.5,-71.30028228800916,20.0,53.0,174.2,44.7,3.0830454413815583e-07
938.0,1.0,91.0,41.5,-71.30028228800916,20.0,48.0,101.6,71.8,0.0015351055530156065
939.0,1.0,91.0,41.5,-71.30028228800916,20.0,43.0,55.6,69.1,0.0004885343665999122
940.0,1.0,91.0,41.5,-71.30028228800916,20.0,38.0,38.4,31.7,4.01201478204225e-05
941.0,1.0,91.0,41.5,-71.30028228800916,20.0,33.0,97.9,38.1,0.002121169293279159
942.0,1.0,91.0,41.5,-71.30028228800916,20.0,28.0,53.5,30.2,0.000699346343054172
943.0,1.0,92.0,41.5,-70.36059824782691,20.0,68.0,87.0,50.7,7.870167934186455e-05
944.0,1.0,92.0,41.5,-70.36059824782691,20.0,63.0,101.4,31.1,5.068975026195243e-05
945.0,1.0,92.0,41.5,-70.36059824782691,20.0,58.0,52.4,50.4,0.0011454706871305879
946.0,1.0,92.0,41.5,-70.36059824782691,20.0,53.0,50.0,45.0,0.0011184512386882427
947.0,1.0,92.0,41.5,-70.36059824782691,20.0,48.0,155.2,51.0,8.734781609133453e-05
948.0,1.0,92.0,41.5,-70.36059824782691,20.0,43.0,27.3,44.6,1.9405993958276885e-06
949.0,1.0,92.0,41.5,-70.36059824782691,20.0,38.0,86.8,60.7,0.002581392232687299
950.0,1.0,92.0,41.5,-70.36059824782691,20.0,33.0,48.8,80.8,0.00011691970653199352
951.0,1.0,92.0,41.5,-70.36059824782691,20.0,28.0,74.6,27.5,0.0017167145396227153
952.0,1.0,93.0,41.5,-69.41074080454743,20.0,68.0,54.7,49.9,0.00024356066111163742
953.0,1.0,93.0,41.5,-69.41074080454743,20.0,63.0,111.7,16.0,1.7613471820896229e-06
954.0,1.0,93.0,41.5,-69.41074080454743,20.0,58.0,34.7,54.1,0.00012526506051169367
955.0,1.0,93.0,41.5,-69.41074080454743,20.0,53.0,164.6,52.3,6.0283944128260095e-05
956.0,1.0,93.0,41.5,-69.41074080454743,20.0,48.0,74.6,45.0,0.0047836130711679395
957.0,1.0,93.0,41.5,-69.41074080454743,20.0,43.0,67.0,79.5,0.00042555047382563743
958.0,1.0,93.0,41.5,-69.41074080454743,20.0,38.0,50.6,17.1,0.0009102978516090834
959.0,1.0,93.0,41.5,-69.41074080454743,20.0,33.0,101.8,49.5,0.0026161376861788556
960.0,1.0,93.0,41.5,-69.41074080454743,20.0,28.0,48.1,53.1,0.0003717244240447668
961.0,1.0,94.0,41.5,-68.47060155473471,20.0,68.0,100.2,38.3,4.2708558087323837e-05
962.0,1.0,94.0,41.5,-68.47060155473471,20.0,63.0,82.1,74.0,0.00043211869403128286
963.0,1.0,94.0,41.5,-68.47060155473471,20.0,58.0,59.2,46.8,0.0017886462975992582
964.0,1.0,94.0,41.5,-68.47060155473471,20.0,53.0,151.0,52.6,0.0002072229722615772
965.0,1.0,94.0,41.5,-68.47060155473471,20.0,48.0,63.7,58.6,0.00286720742637074
966.0,1.0,94.0,41.5,-68.47060155473471,20.0,43.0,34.1,71.5,2.2645347390361815e-05
967.0,1.0,94.0,41.5,-68.47060155473471,20.0,38.0,41.1,35.4,0.000454365628663658
968.0,1.0,94.0,41.5,-68.47060155473471,20.0,33.0,78.1,25.1,0.0031064066140971186
969.0,1.0,94.0,41.5,-68.47060155473471,20.0,28.0,93.6,49.1,0.0025343393630747535
970.0,1.0,95.0,41.5,-67.52083182270144,20.0,68.0,62.1,41.9,0.000230579281587398
971.0,1.0,95.0,41.5,-67.52083182270144,20.0,63.0,92.3,56.8,0.001051145452411021
972.0,1.0,95.0,41.5,-67.52083182270144,20.0,58.0,156.3,29.0,2.8588893776610243e-05
973.0,1.0,95.0,41.5,-67.52083182270144,20.0,53.0,34.7,57.0,0.00012816883023530527
974.0,1.0,95.0,41.5,-67.52083182270144,20.0,48.0,113.3,57.3,0.0016923506134980757
975.0,1.0,95.0,41.5,-67.52083182270144,20.0,43.0,49.6,45.8,0.0018315126098163916
976.0,1.0,95.0,41.5,-67.52083182270144,20.0,38.0,61.4,69.3,0.001256354735823842
977.0,1.0,95.0,41.5,-67.52083182270144,20.0,33.0,74.3,36.2,0.004072520674149031
978.0,1.0,95.0,41.5,-67.52083182270144,20.0,28.0,41.8,25.9,0.00010851517554710612
979.0,1.0,96.0,41.5,-66.57105686525462,20.0,68.0,108.6,70.9,9.910707894565547e-05
980.0,1.0,96.0,41.5,-66.57105686525462,20.0,63.0,88.1,28.0,0.00023175003569287872
981.0,1.0,96.0,41.5,-66.57105686525462,20.0,58.0,52.4,57.4,0.001247390313426877
982.0,1.0,96.0,41.5,-66.57105686525462,20.0,53.0,27.9,51.3,1.1400689505098637e-05
983.0,1.0,96.0,41.5,-66.57105686525462,20.0,48.0,151.9,46.1,0.00022346210580367562
984.0,1.0,96.0,41.5,-66.57105686525462,20.0,43.0,77.1,51.3,0.006925643447679578
985.0,1.0,96.0,41.5,-66.57105686525462,20.0,38.0,49.8,29.0,0.002085752974940826
986.0,1.0,96.0,41.5,-66.57105686525462,20.0,33.0,88.1,54.2,0.00278795156196394
987.0,1.0,96.0,41.5,-66.57105686525462,20.0,28.0,54.7,72.8,0.00013571088949506697
988.0,1.0,97.0,41.5,-65.6317562893785,20.0,68.0,84.5,59.2,0.00026114592373892493
989.0,1.0,97.0,41.5,-65.6317562893785,20.0,63.0,83.3,24.9,0.0004565693696564432
990.0,1.0,97.0,41.5,-65.6317562893785,20.0,58.0,39.5,65.9,0.00013467787262565393
991.0,1.0,97.0,41.5,-65.6317562893785,20.0,53.0,67.9,65.8,0.0028233812041556466
992.0,1.0,97.0,41.5,-65.6317562893785,20.0,48.0,150.0,36.1,0.00017847061307297484
993.0,1.0,97.0,41.5,-65.6317562893785,20.0,43.0,59.3,34.4,0.005136937896978189
994.0,1.0,97.0,41.5,-65.6317562893785,20.0,38.0,108.4,50.0,0.002211222105250374
995.0,1.0,97.0,41.5,-65.6317562893785,20.0,33.0,30.2,37.5,7.929949201184625e-05
996.0,1.0,97.0,41.5,-65.6317562893785,20.0,28.0,61.8,65.0,0.0007183506618091643
997.0,1.0,113.0,41.5,-72.24971665831349,40.0,78.0,82.1,55.5,6.792583357722709e-07
998.0,1.0,113.0,41.5,-72.24971665831349,40.0,73.0,156.2,47.7,3.450666321215594e-09
999.0,1.0,113.0,41.5,-72.24971665831349,40.0,68.0,44.9,34.1,3.6838077441891885e-06
1000.0,1.0,113.0,41.5,-72.24971665831349,40.0,63.0,81.6,22.7,4.11711161052042e-06
1001.0,1.0,113.0,41.5,-72.24971665831349,40.0,58.0,33.5,64.3,4.0898670646830496e-05
1002.0,1.0,113.0,41.5,-72.24971665831349,40.0,53.0,68.5,82.9,0.0005835110794422231
1003.0,1.0,113.0,41.5,-72.24971665831349,40.0,48.0,58.2,52.3,0.0023619532526034026
1004.0,1.0,113.0,41.5,-72.24971665831349,40.0,43.0,113.4,52.3,0.0006898027029014312
1005.0,1.0,113.0,41.5,-72.24971665831349,40.0,38.0,68.9,44.7,0.0015308242102944453
1006.0,1.0,114.0,41.5,-71.08976378719646,40.0,78.0,116.7,64.3,2.484203062258199e-08
1007.0,1.0,114.0,41.5,-71.08976378719646,40.0,73.0,57.8,50.6,2.0290659097192877e-05
1008.0,1.0,114.0,41.5,-71.08976378719646,40.0,68.0,73.4,18.8,1.883865132654407e-05
1009.0,1.0,114.0,41.5,-71.08976378719646,40.0,63.0,56.4,53.8,0.00029132131205663757
1010.0,1.0,114.0,41.5,-71.08976378719646,40.0,58.0,151.6,38.9,4.807191064080056e-07
1011.0,1.0,114.0,41.5,-71.08976378719646,40.0,53.0,28.8,56.6,5.187915313473218e-07
1012.0,1.0,114.0,41.5,-71.08976378719646,40.0,48.0,40.0,29.4,2.5811351080424756e-05
1013.0,1.0,114.0,41.5,-71.08976378719646,40.0,43.0,73.4,76.9,0.0005193374334536056
1014.0,1.0,114.0,41.5,-71.08976378719646,40.0,38.0,86.8,42.9,0.002385607217427017
1015.0,1.0,115.0,41.5,-69.92987837954475,40.0,78.0,157.2,53.4,6.335610455467738e-12
1016.0,1.0,115.0,41.5,-69.92987837954475,40.0,73.0,54.6,22.9,9.741327854848526e-07
1017.0,1.0,115.0,41.5,-69.92987837954475,40.0,68.0,71.0,44.7,2.621089996230077e-05
1018.0,1.0,115.0,41.5,-69.92987837954475,40.0,63.0,51.4,73.0,0.00010289697165714038
1019.0,1.0,115.0,41.5,-69.92987837954475,40.0,58.0,74.4,47.8,0.0008418102710554908
1020.0,1.0,115.0,41.5,-69.92987837954475,40.0,53.0,96.4,75.3,0.0008919929332056865
1021.0,1.0,115.0,41.5,-69.92987837954475,40.0,48.0,30.5,48.8,1.5228324843710736e-06
1022.0,1.0,115.0,41.5,-69.92987837954475,40.0,43.0,113.5,35.8,0.0015957570765436399
1023.0,1.0,115.0,41.5,-69.92987837954475,40.0,38.0,56.5,47.6,0.0016051514655914783
1024.0,1.0,116.0,41.5,-68.76981299516318,40.0,78.0,65.2,47.2,9.897214692980492e-07
1025.0,1.0,116.0,41.5,-68.76981299516318,40.0,73.0,154.5,46.8,1.0125240214343014e-07
1026.0,1.0,116.0,41.5,-68.76981299516318,40.0,68.0,39.2,66.9,9.324634530786273e-06
1027.0,1.0,116.0,41.5,-68.76981299516318,40.0,63.0,34.9,27.3,1.4760940705399995e-05
1028.0,1.0,116.0,41.5,-68.76981299516318,40.0,58.0,99.6,26.3,7.605664777216232e-05
1029.0,1.0,116.0,41.5,-68.76981299516318,40.0,53.0,70.0,78.9,0.00017567675763951925
1030.0,1.0,116.0,41.5,-68.76981299516318,40.0,48.0,104.4,58.4,0.0015152108674881038
1031.0,1.0,116.0,41.5,-68.76981299516318,40.0,43.0,70.9,36.5,0.003828104081167007
1032.0,1.0,116.0,41.5,-68.76981299516318,40.0,38.0,52.6,45.5,0.0016409242522070699
1033.0,1.0,117.0,41.5,-67.60998974633806,40.0,78.0,83.1,66.9,4.32696115402479e-06
1034.0,1.0,117.0,41.5,-67.60998974633806,40.0,73.0,88.3,27.0,3.831230324007007e-06
1035.0,1.0,117.0,41.5,-67.60998974633806,40.0,68.0,156.5,44.6,9.494586561490342e-06
1036.0,1.0,117.0,41.5,-67.60998974633806,40.0,63.0,45.2,52.3,8.993704889624612e-05
1037.0,1.0,117.0,41.5,-67.60998974633806,40.0,58.0,32.8,28.0,1.858492360386732e-05
1038.0,1.0,117.0,41.5,-67.60998974633806,40.0,53.0,72.7,44.2,0.00209930517768324
1039.0,1.0,117.0,41.5,-67.60998974633806,40.0,48.0,63.9,42.5,0.0027510993386216224
1040.0,1.0,117.0,41.5,-67.60998974633806,40.0,43.0,53.3,81.0,0.0002940575480243571
1041.0,1.0,117.0,41.5,-67.60998974633806,40.0,38.0,107.3,53.1,0.0019372387059125764
1042.0,1.0,118.0,41.5,-66.45019681533273,40.0,78.0,174.3,42.7,6.889385486856608e-09
1043.0,1.0,118.0,41.5,-66.45019681533273,40.0,73.0,76.8,62.4,1.7029743824463295e-05
1044.0,1.0,118.0,41.5,-66.45019681533273,40.0,68.0,57.9,66.2,5.1100833501739804e-05
1045.0,1.0,118.0,41.5,-66.45019681533273,40.0,63.0,39.5,61.0,2.6787628514517974e-05
1046.0,1.0,118.0,41.5,-66.45019681533273,40.0,58.0,74.4,32.4,0.0007964146010803635
1047.0,1.0,118.0,41.5,-66.45019681533273,40.0,53.0,39.5,32.9,0.00016731401925915818
1048.0,1.0,118.0,41.5,-66.45019681533273,40.0,48.0,68.8,31.8,0.0017934139798844986
1049.0,1.0,118.0,41.5,-66.45019681533273,40.0,43.0,114.2,50.5,0.0015405278362176237
1050.0,1.0,118.0,41.5,-66.45019681533273,40.0,38.0,58.6,57.5,0.0023627518611750702
